site_id,gene_id,strand,region,start,end,additional_padding
bHLH_1:6576919-6577168,AT1G19040,+,terminator,1526,1776,0
bHLH_1:6576919-6577168,AT1G19050,-,terminator,2683,2933,0
bHLH_1:8203953-8204202,AT1G23140,-,promoter,98,348,0
bHLH_1:8203953-8204202,AT1G23145,+,promoter,1021,1193,614
bHLH_1:8203953-8204202,AT1G23145,+,terminator,1827,1905,614
bHLH_1:8203953-8204202,AT1G05793,-,terminator,2977,3020,779
bHLH_1:19581767-19582016,AT1G52565,-,promoter,0,210,0
bHLH_1:9670419-9670668,AT1G27770,-,terminator,2982,3020,0
bHLH_1:22265312-22265561,AT1G60420,+,terminator,2924,3020,0
bHLH_1:22265312-22265561,AT1G60440,-,terminator,2873,3020,0
bHLH_1:4028689-4028938,AT1G11930,+,promoter,1095,1345,0
bHLH_1:23689032-23689281,AT1G63840,-,terminator,2340,2590,0
bHLH_1:4429965-4430214,AT1G12980,+,promoter,1248,1498,0
bHLH_1:3624462-3624711,AT1G10880,-,terminator,2930,3020,0
bHLH_1:3624462-3624711,AT1G10870,-,promoter,94,344,0
bHLH_1:3624462-3624711,AT1G10875,-,terminator,1520,1555,0
bHLH_1:28517845-28518094,AT1G75960,+,promoter,907,1157,0
bHLH_1:28517845-28518094,AT1G75950,+,terminator,1969,2219,0
bHLH_1:7954358-7954607,AT1G22530,-,terminator,2856,3020,0
bHLH_1:7954358-7954607,AT1G22520,-,promoter,938,1188,0
bHLH_1:6840899-6841148,AT1G19790,-,promoter,164,414,0
bHLH_1:20760984-20761233,AT1G55570,+,terminator,2736,2986,0
bHLH_1:18581607-18581856,AT1G50160,+,terminator,1977,2227,778
bHLH_1:18581607-18581856,AT1G50170,+,promoter,610,860,0
bHLH_1:7192447-7192696,AT1G20720,-,promoter,1144,1394,0
bHLH_1:4590379-4590628,AT1G13380,-,promoter,872,1122,0
bHLH_1:5502781-5503030,AT1G16022,-,promoter,0,75,460
bHLH_1:5502781-5503030,AT1G16025,+,terminator,2842,3020,545
bHLH_1:9569966-9570215,AT1G27550,-,promoter,114,364,482
bHLH_1:9569966-9570215,AT1G27555,+,promoter,570,820,434
bHLH_1:4840826-4841075,AT1G14160,-,terminator,1520,1755,0
bHLH_1:4840826-4841075,AT1G14150,+,terminator,2023,2273,0
bHLH_1:207017-207266,AT1G01570,+,terminator,1520,1645,0
bHLH_1:21430117-21430366,AT1G57860,-,terminator,1520,1728,0
bHLH_1:21430117-21430366,AT1G57870,-,terminator,2703,2953,0
bHLH_1:10373353-10373602,AT1G29660,+,terminator,1520,1618,0
bHLH_1:5581797-5582046,AT1G16320,+,terminator,1663,1913,0
bHLH_1:5581797-5582046,AT1G16330,-,terminator,2359,2609,0
bHLH_1:11697519-11697768,AT1G32415,+,terminator,1575,1825,0
bHLH_1:11697519-11697768,AT1G06567,-,terminator,2655,2905,547
bHLH_1:2348582-2348831,AT1G07630,+,promoter,668,918,0
bHLH_1:2348582-2348831,AT1G04607,-,promoter,615,865,579
bHLH_1:3817185-3817434,AT1G11340,-,promoter,985,1235,0
bHLH_1:3817185-3817434,AT1G11350,-,terminator,2008,2258,0
bHLH_1:7093572-7093821,AT1G20460,+,terminator,2150,2400,0
bHLH_1:7093572-7093821,AT1G20470,+,promoter,313,563,390
bHLH_1:7093572-7093821,AT1G05553,-,promoter,771,1021,519
bHLH_1:7093572-7093821,AT1G05557,-,terminator,2205,2455,341
bHLH_1:1495886-1496135,AT1G04337,+,promoter,152,402,632
bHLH_1:3019771-3020020,AT1G09350,+,promoter,1133,1383,0
bHLH_1:24841607-24841856,AT1G66580,+,terminator,2821,3020,0
bHLH_1:1713548-1713797,AT1G05700,+,terminator,2094,2344,0
bHLH_1:1713548-1713797,AT1G04407,-,promoter,942,1131,738
bHLH_1:1713548-1713797,AT1G04407,-,terminator,1889,1950,738
bHLH_1:7534434-7534683,AT1G21520,-,promoter,1243,1455,91
bHLH_1:7534434-7534683,AT1G21520,-,terminator,1566,1604,91
bHLH_1:25374058-25374307,AT1G67700,+,promoter,987,1237,0
bHLH_1:25374058-25374307,AT1G67690,+,terminator,2101,2351,0
bHLH_1:11370737-11370986,AT1G31740,-,promoter,0,102,0
bHLH_1:11370737-11370986,AT1G31750,-,terminator,1617,1867,0
bHLH_1:4394359-4394608,AT1G12900,-,promoter,845,1095,0
bHLH_1:4394359-4394608,AT1G12910,-,terminator,2307,2557,0
bHLH_1:9844333-9844582,AT1G28180,-,promoter,978,1228,0
bHLH_1:15895532-15895781,AT1G42440,-,terminator,1520,1684,0
bHLH_1:15895532-15895781,AT1G42430,+,terminator,2976,3020,0
bHLH_1:12692476-12692725,AT1G34650,+,promoter,482,732,0
bHLH_1:18861198-18861447,AT1G50880,+,promoter,1362,1500,0
bHLH_1:18861198-18861447,AT1G50890,-,terminator,2725,2975,0
bHLH_1:17344885-17345134,AT1G47310,+,terminator,2077,2327,0
bHLH_1:1436864-1437113,AT1G05030,-,terminator,2953,3020,0
bHLH_1:3031678-3031927,AT1G04697,-,promoter,1211,1322,357
bHLH_1:3031678-3031927,AT1G04697,-,terminator,1699,1838,357
bHLH_1:21243678-21243927,AT1G56670,+,terminator,1520,1741,0
bHLH_1:18230743-18230992,AT1G49270,-,promoter,337,587,0
bHLH_1:18230743-18230992,AT1G49280,-,promoter,559,809,926
bHLH_1:7997009-7997258,AT1G22610,+,terminator,1520,1691,0
bHLH_1:27074582-27074831,AT1G71930,+,promoter,881,1131,0
bHLH_1:27074582-27074831,AT1G09283,-,promoter,0,127,560
bHLH_1:27074582-27074831,AT1G09277,+,terminator,2998,3020,626
bHLH_1:10081845-10082094,AT1G28695,-,terminator,1795,2045,0
bHLH_1:10081845-10082094,AT1G28690,-,promoter,509,759,0
bHLH_1:9715838-9716087,AT1G27890,-,promoter,88,338,0
bHLH_1:9715838-9716087,AT1G27900,-,terminator,1520,1523,0
bHLH_1:30351686-30351935,AT1G80760,-,promoter,1272,1500,0
bHLH_1:23229389-23229638,AT1G62720,+,terminator,2259,2509,0
bHLH_1:23229389-23229638,AT1G62730,-,terminator,1520,1689,0
bHLH_1:23229389-23229638,AT1G08557,-,promoter,0,6,705
bHLH_1:11037062-11037311,AT1G30950,+,terminator,1574,1824,0
bHLH_1:11037062-11037311,AT1G30960,-,terminator,2259,2509,0
bHLH_1:6994578-6994827,AT1G20160,-,promoter,161,411,0
bHLH_1:6994578-6994827,AT1G20170,-,terminator,2473,2723,928
bHLH_1:6375857-6376106,AT1G18540,-,terminator,2551,2801,0
bHLH_1:6375857-6376106,AT1G18520,+,terminator,1544,1794,0
bHLH_1:6375857-6376106,AT1G18530,+,promoter,235,485,366
bHLH_1:22492035-22492284,AT1G61070,-,promoter,1257,1426,149
bHLH_1:22492035-22492284,AT1G61070,-,terminator,1595,1676,149
bHLH_1:22492035-22492284,AT1G61080,-,terminator,2612,2862,0
bHLH_1:22492035-22492284,AT1G61065,-,promoter,254,504,0
bHLH_1:4677318-4677567,AT1G13635,+,terminator,2854,3020,0
bHLH_1:4677318-4677567,AT1G13640,-,terminator,1520,1705,0
bHLH_1:16680132-16680381,AT1G43970,+,promoter,0,114,0
bHLH_1:1400424-1400673,AT1G04940,+,terminator,1614,1864,0
bHLH_1:3069173-3069422,AT1G09510,+,promoter,817,1067,0
bHLH_1:3069173-3069422,AT1G09500,+,terminator,2397,2647,0
bHLH_1:27794018-27794267,AT1G73930,-,terminator,2791,3020,0
bHLH_1:29875280-29875529,AT1G79420,+,terminator,2971,3020,0
bHLH_1:6555854-6556103,AT1G18970,-,promoter,506,756,0
bHLH_1:4936560-4936809,AT1G14430,+,terminator,2386,2636,0
bHLH_1:21940841-21941090,AT1G59710,+,terminator,2677,2927,0
bHLH_1:7934882-7935131,AT1G22480,-,promoter,1250,1500,0
bHLH_1:7039604-7039853,AT1G20330,-,promoter,1377,1500,0
bHLH_1:20393487-20393736,AT1G54590,-,promoter,766,1016,0
bHLH_1:20393487-20393736,AT1G54610,-,terminator,1946,2196,0
bHLH_1:19673542-19673791,AT1G52830,-,promoter,860,1110,0
bHLH_1:4264485-4264734,AT1G12500,-,promoter,1421,1500,0
bHLH_1:29359279-29359528,AT1G78070,+,terminator,2267,2517,0
bHLH_1:8016951-8017200,AT1G22660,+,promoter,671,921,0
bHLH_1:8016951-8017200,AT1G22650,-,promoter,0,199,0
bHLH_1:5671409-5671658,AT1G16560,+,terminator,2721,2971,0
bHLH_1:2846434-2846683,AT1G08880,-,terminator,2229,2479,0
bHLH_1:2846434-2846683,AT1G08860,+,terminator,2104,2354,0
bHLH_1:2846434-2846683,AT1G08870,-,promoter,924,1037,927
bHLH_1:2846434-2846683,AT1G08870,-,terminator,1984,2121,927
bHLH_1:10378285-10378534,AT1G29670,+,terminator,2434,2684,0
bHLH_1:10378285-10378534,AT1G29680,-,promoter,1426,1500,0
bHLH_1:10378285-10378534,AT1G29680,-,terminator,1520,1524,0
bHLH_1:10378285-10378534,AT1G29690,-,terminator,2504,2754,0
bHLH_1:25646870-25647119,AT1G08987,+,promoter,548,798,926
bHLH_1:3665866-3666115,AT1G10960,+,terminator,2846,3020,146
bHLH_1:30354658-30354907,AT1G80770,+,promoter,634,884,0
bHLH_1:29972535-29972784,AT1G79640,-,promoter,0,105,0
bHLH_1:9813392-9813641,AT1G28120,-,terminator,1520,1557,0
bHLH_1:813195-813444,AT1G03300,-,promoter,641,891,0
bHLH_1:813195-813444,AT1G03310,+,promoter,783,1033,0
bHLH_1:813195-813444,AT1G03290,+,terminator,1999,2249,0
bHLH_1:6554893-6555142,AT1G18970,-,promoter,1467,1500,0
bHLH_1:6554893-6555142,AT1G18970,-,terminator,1520,1622,0
bHLH_1:6554893-6555142,AT1G18960,+,terminator,2877,3020,0
bHLH_1:6554893-6555142,AT1G18975,+,promoter,1211,1461,0
bHLH_1:25701681-25701930,AT1G68500,+,promoter,912,1162,0
bHLH_1:5173352-5173601,AT1G15015,+,terminator,2449,2699,157
bHLH_1:9539246-9539495,AT1G27461,-,promoter,531,781,0
bHLH_1:9539246-9539495,AT1G27470,-,terminator,2572,2822,0
bHLH_1:5380787-5381036,AT1G15640,+,terminator,2568,2818,0
bHLH_1:5380787-5381036,AT1G15660,+,promoter,756,1006,0
bHLH_1:5380787-5381036,AT1G15650,+,promoter,881,1041,918
bHLH_1:5380787-5381036,AT1G15650,+,terminator,1979,2069,918
bHLH_1:12576356-12576605,AT1G34403,-,promoter,567,817,718
bHLH_1:3392230-3392479,AT1G10340,-,promoter,1153,1403,0
bHLH_1:3392230-3392479,AT1G10350,-,terminator,2482,2732,0
bHLH_1:4379440-4379689,AT1G12845,-,promoter,917,1167,224
bHLH_1:4379440-4379689,AT1G12840,+,terminator,2946,3020,0
bHLH_1:4379440-4379689,AT1G12850,-,terminator,2023,2273,0
bHLH_1:23534909-23535158,AT1G63460,+,promoter,964,1214,0
bHLH_1:23534909-23535158,AT1G63450,+,terminator,2360,2610,0
bHLH_1:3136490-3136739,AT1G09690,-,terminator,1520,1717,0
bHLH_1:3136490-3136739,AT1G09680,-,promoter,236,486,0
bHLH_1:3136490-3136739,AT1G09700,-,terminator,2928,3020,0
bHLH_1:402707-402956,AT1G02130,-,promoter,0,212,0
bHLH_1:402707-402956,AT1G02140,-,terminator,2162,2412,0
bHLH_1:402707-402956,AT1G04087,+,terminator,2433,2683,791
bHLH_1:1564372-1564621,AT1G05350,-,promoter,787,1037,0
bHLH_1:1564372-1564621,AT1G05360,+,promoter,882,1132,0
bHLH_1:3177500-3177749,AT1G09795,+,terminator,2610,2860,0
bHLH_1:20701633-20701882,AT1G55440,-,terminator,1520,1749,0
bHLH_1:2527360-2527609,AT1G08100,-,terminator,1579,1829,0
bHLH_1:3093242-3093491,AT1G09550,-,promoter,0,85,0
bHLH_1:3093242-3093491,AT1G09560,+,promoter,599,849,0
bHLH_1:15976292-15976541,AT1G42540,+,terminator,1520,1749,0
bHLH_1:15976292-15976541,AT1G42550,+,promoter,488,738,0
bHLH_1:27340443-27340692,AT1G72600,+,terminator,2135,2385,0
bHLH_1:27340443-27340692,AT1G72620,+,promoter,423,673,0
bHLH_1:27340443-27340692,AT1G72610,-,promoter,351,601,69
bHLH_1:19480211-19480460,AT1G52315,+,promoter,166,416,0
bHLH_1:821536-821785,AT1G03350,-,terminator,2815,3020,0
bHLH_1:821536-821785,AT1G03340,+,terminator,2080,2330,0
bHLH_1:9376729-9376978,AT1G27000,+,terminator,1921,2171,0
bHLH_1:9376729-9376978,AT1G27008,-,terminator,1828,2078,296
bHLH_1:9037897-9038146,AT1G26140,-,terminator,2580,2830,167
bHLH_1:1385303-1385552,AT1G04297,-,terminator,1944,2194,345
bHLH_1:24040149-24040398,AT1G64700,-,promoter,1237,1466,69
bHLH_1:24040149-24040398,AT1G64700,-,terminator,1555,1576,69
bHLH_1:24040149-24040398,AT1G64690,+,terminator,2992,3020,0
bHLH_1:22341210-22341459,AT1G60660,-,terminator,2849,3020,20
bHLH_1:28370657-28370906,AT1G75550,-,promoter,154,404,0
bHLH_1:28370657-28370906,AT1G75560,-,terminator,2253,2503,0
bHLH_1:26045463-26045712,AT1G69280,-,terminator,1520,1714,0
bHLH_1:19607667-19607916,AT1G52640,-,terminator,2811,3020,0
bHLH_1:7475908-7476157,AT1G21340,+,promoter,887,1137,122
bHLH_1:7475908-7476157,AT1G21350,-,terminator,2763,3013,0
bHLH_1:536822-537071,AT1G02560,+,promoter,83,333,0
bHLH_1:536822-537071,AT1G02550,+,promoter,1340,1365,271
bHLH_1:536822-537071,AT1G02550,+,terminator,1656,1881,271
bHLH_1:355682-355931,AT1G02020,-,promoter,192,442,0
bHLH_1:27780961-27781210,AT1G73870,+,terminator,2172,2422,0
bHLH_1:27780961-27781210,AT1G73875,+,promoter,1107,1357,0
bHLH_1:4605180-4605429,AT1G13420,+,promoter,1493,1500,0
bHLH_1:2286728-2286977,AT1G07450,-,terminator,2967,3020,0
bHLH_1:26935493-26935742,AT1G71500,+,promoter,512,762,0
bHLH_1:26935493-26935742,AT1G71490,-,promoter,1082,1332,0
bHLH_1:1479453-1479702,AT1G05136,+,terminator,2410,2660,859
bHLH_1:6299514-6299763,AT1G18300,+,promoter,846,1096,0
bHLH_1:3627225-3627474,AT1G10880,-,promoter,607,857,0
bHLH_1:3627225-3627474,AT1G10890,+,promoter,580,830,0
bHLH_1:2338279-2338528,AT1G07600,-,terminator,2394,2644,582
bHLH_1:10935169-10935418,AT1G30795,+,promoter,486,736,287
bHLH_1:27837385-27837634,AT1G74020,-,promoter,808,1058,0
bHLH_1:5857934-5858183,AT1G17140,-,promoter,1366,1500,0
bHLH_1:5857934-5858183,AT1G05297,+,promoter,1000,1169,663
bHLH_1:5857934-5858183,AT1G05297,+,terminator,1852,1933,663
bHLH_1:5485601-5485850,AT1G15970,-,terminator,2441,2691,0
bHLH_1:5485601-5485850,AT1G15960,-,promoter,1254,1500,0
bHLH_1:7435761-7436010,AT1G21245,+,promoter,0,170,499
bHLH_1:20094539-20094788,AT1G07937,+,terminator,2842,3020,752
bHLH_1:1095777-1096026,AT1G04160,+,terminator,1520,1537,0
bHLH_1:1095777-1096026,AT1G04170,+,promoter,0,146,0
bHLH_1:394922-395171,AT1G02110,+,terminator,1520,1664,0
bHLH_1:394922-395171,AT1G02120,+,promoter,234,484,0
bHLH_1:29034341-29034590,AT1G77280,-,promoter,1231,1481,0
bHLH_1:10897320-10897569,AT1G30720,+,promoter,396,646,0
bHLH_1:10897320-10897569,AT1G30710,+,terminator,2213,2463,0
bHLH_1:23903123-23903372,AT1G64385,+,terminator,2862,3020,0
bHLH_1:12071771-12072020,AT1G33280,+,promoter,161,411,0
bHLH_1:23853726-23853975,AT1G08667,+,promoter,0,69,786
bHLH_1:2990360-2990609,AT1G09250,+,terminator,1953,2203,0
bHLH_1:2622171-2622420,AT1G08320,-,terminator,1520,1708,0
bHLH_1:2622171-2622420,AT1G08315,-,promoter,124,374,0
bHLH_1:2622171-2622420,AT1G04647,+,terminator,2645,2895,0
bHLH_1:239379-239628,AT1G01660,-,terminator,2231,2481,0
bHLH_1:20651380-20651629,AT1G55340,+,promoter,567,817,0
bHLH_1:27506086-27506335,AT1G73160,+,promoter,602,852,0
bHLH_1:27506086-27506335,AT1G73150,-,promoter,1070,1320,0
bHLH_1:18640234-18640483,AT1G50320,-,promoter,52,302,0
bHLH_1:18640234-18640483,AT1G50325,-,promoter,1004,1254,385
bHLH_1:18640234-18640483,AT1G07623,-,terminator,2358,2608,511
bHLH_1:26199799-26200048,AT1G69650,-,promoter,0,22,0
bHLH_1:26199799-26200048,AT1G69660,-,terminator,1593,1843,19
bHLH_1:29452538-29452787,AT1G78270,-,promoter,629,879,0
bHLH_1:29452538-29452787,AT1G78280,+,promoter,984,1234,0
bHLH_1:29452538-29452787,AT1G78265,+,terminator,2143,2393,0
bHLH_1:29322312-29322561,AT1G77992,+,promoter,902,1152,52
bHLH_1:24228136-24228385,AT1G65230,+,promoter,74,324,0
bHLH_1:24228136-24228385,AT1G08747,-,terminator,2891,3020,0
bHLH_1:22382548-22382797,AT1G60790,-,promoter,624,874,0
bHLH_1:22382548-22382797,AT1G60800,-,terminator,2614,2864,0
bHLH_1:22065053-22065302,AT1G59940,-,terminator,2333,2583,0
bHLH_1:3140802-3141051,AT1G09700,-,promoter,301,551,0
bHLH_1:3140802-3141051,AT1G09710,+,promoter,941,1191,0
bHLH_1:12378359-12378608,AT1G34042,-,terminator,2837,3020,723
bHLH_1:4658851-4659100,AT1G13605,+,terminator,1756,2006,422
bHLH_1:20463176-20463425,AT1G54890,+,promoter,1237,1487,0
bHLH_1:28147673-28147922,AT1G74950,-,terminator,2670,2920,0
bHLH_1:28147673-28147922,AT1G74940,+,terminator,2208,2458,0
bHLH_1:12036125-12036374,AT1G06663,-,terminator,2914,3020,616
bHLH_1:12036125-12036374,AT1G06657,+,promoter,0,212,722
bHLH_1:12036125-12036374,AT1G06653,+,terminator,3010,3020,911
bHLH_1:24658307-24658556,AT1G66200,-,promoter,146,396,0
bHLH_1:22312060-22312309,AT1G60570,+,promoter,1225,1475,0
bHLH_1:22312060-22312309,AT1G60560,-,promoter,67,317,0
bHLH_1:7132970-7133219,AT1G20590,-,promoter,245,495,0
bHLH_1:7132970-7133219,AT1G20600,+,promoter,860,1110,0
bHLH_1:18730546-18730795,AT1G50580,+,promoter,788,1038,0
bHLH_1:18730546-18730795,AT1G50575,-,promoter,702,952,0
bHLH_1:27191160-27191409,AT1G72240,+,terminator,2426,2676,281
bHLH_1:1761393-1761642,AT1G05830,+,terminator,1520,1754,0
bHLH_1:1761393-1761642,AT1G05835,+,promoter,249,499,330
bHLH_1:1761393-1761642,AT1G04433,-,terminator,2739,2989,669
bHLH_1:149982-150231,AT1G01400,-,terminator,2476,2726,0
bHLH_1:149982-150231,AT1G01390,-,promoter,616,866,0
bHLH_1:26909587-26909836,AT1G71390,+,terminator,2632,2882,0
bHLH_1:26909587-26909836,AT1G71400,+,promoter,796,1046,0
bHLH_1:9389495-9389744,AT1G27040,-,promoter,1297,1500,0
bHLH_1:26919730-26919979,AT1G71430,+,promoter,291,541,287
bHLH_1:26919730-26919979,AT1G71420,-,promoter,1119,1369,0
bHLH_1:26919730-26919979,AT1G09247,-,terminator,2451,2701,690
bHLH_1:2589229-2589478,AT1G08260,+,promoter,1376,1500,0
bHLH_1:2589229-2589478,AT1G08250,-,terminator,1520,1566,0
bHLH_1:2589229-2589478,AT1G08240,+,terminator,2653,2903,928
bHLH_1:16681339-16681588,AT1G43970,+,promoter,1071,1321,0
bHLH_1:4266746-4266995,AT1G12520,-,terminator,2097,2347,0
bHLH_1:4266746-4266995,AT1G12510,-,terminator,2011,2261,926
bHLH_1:27852169-27852418,AT1G74060,-,promoter,18,268,0
bHLH_1:18899972-18900221,AT1G50980,-,terminator,2338,2588,0
bHLH_1:18899972-18900221,AT1G50970,+,terminator,1623,1873,0
bHLH_1:8532133-8532382,AT1G24120,-,promoter,879,1129,0
bHLH_1:22445916-22446165,AT1G60950,+,terminator,2645,2895,15
bHLH_1:22945622-22945871,AT1G62080,-,terminator,2389,2639,292
bHLH_1:19781926-19782175,AT1G53080,+,terminator,1594,1844,0
bHLH_1:21241938-21242187,AT1G56660,+,terminator,2944,3020,0
bHLH_1:21241938-21242187,AT1G56670,+,promoter,1360,1500,0
bHLH_1:27931365-27931614,AT1G74290,+,promoter,530,780,0
bHLH_1:27931365-27931614,AT1G74280,+,terminator,2021,2271,0
bHLH_1:5048107-5048356,AT1G14687,+,promoter,1326,1486,28
bHLH_1:5048107-5048356,AT1G14687,+,terminator,1534,1624,28
bHLH_1:771306-771555,AT1G03170,+,terminator,2642,2892,0
bHLH_1:30285880-30286129,AT1G80555,+,promoter,0,175,214
bHLH_1:25441572-25441821,AT1G67850,+,terminator,1520,1621,0
bHLH_1:25441572-25441821,AT1G67856,+,promoter,169,419,0
bHLH_1:25441572-25441821,AT1G67855,-,terminator,2453,2703,379
bHLH_1:28441697-28441946,AT1G75750,-,terminator,1573,1823,65
bHLH_1:28441697-28441946,AT1G75740,+,terminator,2757,3007,928
bHLH_1:29975496-29975745,AT1G79670,-,terminator,2998,3020,0
bHLH_1:29975496-29975745,AT1G79660,+,promoter,830,1080,0
bHLH_1:29975496-29975745,AT1G79650,-,promoter,613,863,0
bHLH_1:29975496-29975745,AT1G09897,-,terminator,2201,2451,609
bHLH_1:27169983-27170232,AT1G72200,-,terminator,1545,1795,0
bHLH_1:27169983-27170232,AT1G72190,-,promoter,521,771,0
bHLH_1:21030606-21030855,AT1G56200,+,promoter,820,1070,0
bHLH_1:21030606-21030855,AT1G56190,+,terminator,1942,2192,0
bHLH_1:29677217-29677466,AT1G78930,-,terminator,2456,2706,0
bHLH_1:29677217-29677466,AT1G78922,-,promoter,1348,1500,0
bHLH_1:29677217-29677466,AT1G78922,-,terminator,1520,1557,0
bHLH_1:29677217-29677466,AT1G78920,+,terminator,1700,1950,0
bHLH_1:12207126-12207375,AT1G33700,-,terminator,2951,3020,0
bHLH_1:26908247-26908496,AT1G71390,+,terminator,1520,1542,0
bHLH_1:485682-485931,AT1G02400,+,promoter,0,133,0
bHLH_1:238359-238608,AT1G01650,-,promoter,296,546,0
bHLH_1:27227816-27228065,AT1G72320,-,terminator,2012,2262,0
bHLH_1:27227816-27228065,AT1G72310,+,terminator,2291,2541,0
bHLH_1:8460567-8460816,AT1G23935,+,promoter,0,61,0
bHLH_1:1637855-1638104,AT1G05530,-,promoter,809,1059,0
bHLH_1:5124274-5124523,AT1G14850,-,promoter,35,285,0
bHLH_1:5124274-5124523,AT1G14860,+,promoter,605,855,0
bHLH_1:25839163-25839412,AT1G68790,-,promoter,1128,1378,0
bHLH_1:11252788-11253037,AT1G31430,-,terminator,2893,3020,0
bHLH_1:27603848-27604097,AT1G73430,+,promoter,1194,1444,0
bHLH_1:27603848-27604097,AT1G73410,+,terminator,2551,2801,0
bHLH_1:7344608-7344857,AT1G05617,+,promoter,862,1112,618
bHLH_1:3295308-3295557,AT1G10095,-,terminator,2977,3020,0
bHLH_1:29516133-29516382,AT1G78450,-,terminator,2625,2875,0
bHLH_1:8983665-8983914,AT1G25560,-,promoter,399,649,0
bHLH_1:394575-394824,AT1G02120,+,promoter,0,137,0
bHLH_1:10030927-10031176,AT1G28530,-,terminator,2827,3020,0
bHLH_1:29136104-29136353,AT1G77530,+,promoter,1201,1451,0
bHLH_1:12807752-12808001,AT1G35030,+,promoter,507,757,0
bHLH_1:12807752-12808001,AT1G34930,-,promoter,397,647,721
bHLH_1:20524660-20524909,AT1G55020,+,promoter,7,257,0
bHLH_1:29740844-29741093,AT1G79050,-,promoter,85,335,0
bHLH_1:29740844-29741093,AT1G79060,+,promoter,117,367,0
bHLH_1:29740844-29741093,AT1G09843,+,terminator,2792,3020,819
bHLH_1:24942374-24942623,AT1G66860,+,promoter,1187,1437,0
bHLH_1:15968889-15969138,AT1G42525,+,terminator,2670,2920,0
bHLH_1:665223-665472,AT1G02950,-,terminator,1665,1915,0
bHLH_1:665223-665472,AT1G02940,-,promoter,0,67,0
bHLH_1:665223-665472,AT1G02952,+,promoter,870,1120,0
bHLH_1:26554281-26554530,AT1G70450,+,terminator,1742,1992,0
bHLH_1:23408110-23408359,AT1G63120,-,terminator,2463,2713,0
bHLH_1:23408110-23408359,AT1G63110,+,terminator,2011,2261,0
bHLH_1:20386055-20386304,AT1G54575,+,promoter,247,497,98
bHLH_1:20386055-20386304,AT1G54570,-,promoter,75,325,0
bHLH_1:18662894-18663143,AT1G50370,+,terminator,2862,3020,0
bHLH_1:254543-254792,AT1G01695,+,terminator,2033,2283,0
bHLH_1:254543-254792,AT1G04033,+,promoter,522,772,637
bHLH_1:6129774-6130023,AT1G17810,+,promoter,750,1000,0
bHLH_1:6129774-6130023,AT1G17800,+,terminator,2286,2536,314
bHLH_1:28463552-28463801,AT1G75820,-,terminator,1561,1811,0
bHLH_1:21336942-21337191,AT1G57610,-,terminator,1952,2202,0
bHLH_1:920174-920423,AT1G03687,+,terminator,1602,1852,0
bHLH_1:920174-920423,AT1G03700,+,promoter,225,475,0
bHLH_1:1575851-1576100,AT1G05380,+,promoter,30,280,0
bHLH_1:10077520-10077769,AT1G28680,+,promoter,332,582,0
bHLH_1:10077520-10077769,AT1G28685,-,terminator,2172,2422,0
bHLH_1:1104306-1104555,AT1G04180,+,promoter,814,1064,0
bHLH_1:9439779-9440028,AT1G27170,+,terminator,2382,2632,0
bHLH_1:9439779-9440028,AT1G27180,+,promoter,1127,1377,0
bHLH_1:2214797-2215046,AT1G07210,+,promoter,582,832,0
bHLH_1:26541376-26541625,AT1G70420,-,promoter,192,442,0
bHLH_1:26541376-26541625,AT1G09173,-,terminator,2715,2965,646
bHLH_1:26541376-26541625,AT1G09177,+,promoter,0,233,751
bHLH_1:2681349-2681598,AT1G08470,-,terminator,2478,2728,0
bHLH_1:11371022-11371271,AT1G31750,-,terminator,1520,1582,0
bHLH_1:710645-710894,AT1G03050,+,terminator,2624,2874,0
bHLH_1:12104963-12105212,AT1G33390,-,promoter,467,717,0
bHLH_1:12104963-12105212,AT1G33400,-,terminator,1520,1764,0
bHLH_1:7930532-7930781,AT1G22460,-,promoter,875,1125,0
bHLH_1:7930532-7930781,AT1G05747,-,terminator,2866,3020,572
bHLH_1:5082468-5082717,AT1G14750,-,promoter,818,1068,0
bHLH_1:5082468-5082717,AT1G14755,+,promoter,0,43,333
bHLH_1:26465191-26465440,AT1G70280,-,terminator,2382,2632,0
bHLH_1:26465191-26465440,AT1G70270,+,terminator,2292,2542,306
bHLH_1:17384880-17385129,AT1G47400,+,promoter,174,424,221
bHLH_1:5319512-5319761,AT1G15490,-,terminator,2872,3020,0
bHLH_1:13113781-13114030,AT1G35550,+,terminator,2665,2915,369
bHLH_1:13113781-13114030,AT1G35545,-,promoter,0,51,0
bHLH_1:20262195-20262444,AT1G54270,+,terminator,1949,2199,0
bHLH_1:20262195-20262444,AT1G54280,-,terminator,2042,2292,0
bHLH_1:19354507-19354756,AT1G52050,-,terminator,2181,2431,0
bHLH_1:19354507-19354756,AT1G07777,+,promoter,986,1170,660
bHLH_1:19354507-19354756,AT1G07777,+,terminator,1850,1916,660
bHLH_1:24010023-24010272,AT1G64620,+,terminator,2628,2878,0
bHLH_1:24010023-24010272,AT1G08717,-,promoter,570,820,735
bHLH_1:5151631-5151880,AT1G14930,-,terminator,2401,2651,158
bHLH_1:5151631-5151880,AT1G14920,+,terminator,2236,2486,0
bHLH_1:25787076-25787325,AT1G68690,+,promoter,0,22,0
bHLH_1:25787076-25787325,AT1G68680,+,terminator,1754,2004,0
bHLH_1:25787076-25787325,AT1G09007,-,terminator,1885,2135,580
bHLH_1:303932-304181,AT1G01860,-,terminator,1970,2220,0
bHLH_1:303932-304181,AT1G01840,+,promoter,1396,1411,178
bHLH_1:303932-304181,AT1G01840,+,terminator,1609,1844,178
bHLH_1:303932-304181,AT1G04073,+,promoter,452,702,767
bHLH_1:303932-304181,AT1G04067,-,promoter,795,1045,485
bHLH_1:14002816-14003065,AT1G36940,+,promoter,0,248,0
bHLH_1:25849578-25849827,AT1G68800,-,promoter,1303,1500,0
bHLH_1:25849578-25849827,AT1G09013,+,terminator,2795,3020,740
bHLH_1:8469816-8470065,AT1G23950,-,terminator,1520,1736,0
bHLH_1:8469816-8470065,AT1G23935,+,terminator,2263,2513,0
bHLH_1:28106824-28107073,AT1G74810,+,promoter,3,253,0
bHLH_1:24686700-24686949,AT1G66240,-,promoter,1467,1500,0
bHLH_1:19072252-19072501,AT1G51440,+,terminator,1520,1769,0
bHLH_1:7545180-7545429,AT1G21530,-,terminator,1738,1988,0
bHLH_1:7545180-7545429,AT1G21529,-,promoter,248,498,245
bHLH_1:25870567-25870816,AT1G68825,-,promoter,603,853,279
bHLH_1:18091174-18091423,AT1G48910,+,promoter,494,744,0
bHLH_1:29020593-29020842,AT1G77230,+,terminator,2845,3020,0
bHLH_1:29020593-29020842,AT1G77250,-,terminator,1520,1602,0
bHLH_1:29020593-29020842,AT1G77240,-,promoter,0,196,0
bHLH_1:24702548-24702797,AT1G66270,-,promoter,1368,1500,0
bHLH_1:5176861-5177110,AT1G15030,+,promoter,382,632,0
bHLH_1:5176861-5177110,AT1G15020,-,promoter,368,618,0
bHLH_1:2206671-2206920,AT1G07180,+,terminator,1592,1842,0
bHLH_1:20554334-20554583,AT1G55090,+,promoter,983,1233,0
bHLH_1:20554334-20554583,AT1G55080,-,promoter,688,938,0
bHLH_1:20450026-20450275,AT1G54830,+,promoter,0,194,0
bHLH_1:27099252-27099501,AT1G71990,+,promoter,43,293,0
bHLH_1:18182506-18182755,AT1G49170,-,terminator,2447,2697,0
bHLH_1:18182506-18182755,AT1G49160,-,promoter,754,1004,0
bHLH_1:212404-212653,AT1G01580,+,terminator,1520,1592,0
bHLH_1:4423672-4423921,AT1G12960,-,promoter,233,483,551
bHLH_1:4423672-4423921,AT1G12970,+,promoter,1133,1383,0
bHLH_1:4423672-4423921,AT1G12950,+,terminator,3008,3020,0
bHLH_1:1206058-1206307,AT1G04440,+,terminator,2069,2319,0
bHLH_1:1206058-1206307,AT1G04445,+,promoter,299,549,0
bHLH_1:1887874-1888123,AT1G06170,-,promoter,0,30,0
bHLH_1:1887874-1888123,AT1G04447,+,terminator,2166,2416,675
bHLH_1:4381016-4381265,AT1G12855,+,promoter,0,107,0
bHLH_1:4381016-4381265,AT1G12850,-,promoter,1498,1500,0
bHLH_1:3207531-3207780,AT1G09880,-,terminator,2950,3020,0
bHLH_1:23428003-23428252,AT1G63170,+,terminator,2615,2865,0
bHLH_1:20677307-20677556,AT1G55370,+,terminator,2878,3020,0
bHLH_1:8975664-8975913,AT1G25540,-,promoter,0,151,0
bHLH_1:8975664-8975913,AT1G25550,+,promoter,339,589,0
bHLH_1:16413356-16413605,AT1G43580,-,promoter,130,380,0
bHLH_1:3791825-3792074,AT1G11280,-,promoter,0,110,0
bHLH_1:16430845-16431094,AT1G43620,-,promoter,192,442,0
bHLH_1:29198576-29198825,AT1G09747,+,promoter,977,1178,644
bHLH_1:29198576-29198825,AT1G09747,+,terminator,1842,1891,644
bHLH_1:29198576-29198825,AT1G09743,+,terminator,2672,2922,796
bHLH_1:12377129-12377378,AT1G34040,+,terminator,2782,3020,0
bHLH_1:28144284-28144533,AT1G74929,-,promoter,564,814,898
bHLH_1:28144284-28144533,AT1G74930,+,promoter,1434,1500,0
bHLH_1:3220180-3220429,AT1G09900,+,terminator,2271,2521,0
bHLH_1:3220180-3220429,AT1G09910,-,terminator,1624,1874,0
bHLH_1:24045068-24045317,AT1G64710,+,promoter,1383,1500,0
bHLH_1:29948549-29948798,AT1G79590,+,terminator,1762,2012,0
bHLH_1:9158105-9158354,AT1G26500,+,promoter,726,976,0
bHLH_1:9158105-9158354,AT1G26480,-,promoter,738,988,0
bHLH_1:9158105-9158354,AT1G06003,-,terminator,2235,2485,316
bHLH_1:9158105-9158354,AT1G26490,+,promoter,923,1037,927
bHLH_1:9158105-9158354,AT1G26490,+,terminator,1984,2120,927
bHLH_1:5338272-5338521,AT1G15520,-,promoter,804,1054,0
bHLH_1:23448736-23448985,AT1G63220,+,promoter,925,1175,0
bHLH_1:7047359-7047608,AT1G20360,-,promoter,1135,1385,0
bHLH_1:7047359-7047608,AT1G05537,-,promoter,0,19,744
bHLH_1:4854665-4854914,AT1G14205,+,promoter,133,383,0
bHLH_1:4854665-4854914,AT1G14200,-,promoter,1372,1500,0
bHLH_1:4854665-4854914,AT1G14200,-,terminator,1520,1578,0
bHLH_1:4854665-4854914,AT1G14190,+,terminator,2378,2628,0
bHLH_1:21909377-21909626,AT1G59640,-,terminator,1520,1712,0
bHLH_1:9704656-9704905,AT1G27860,-,terminator,1671,1921,0
bHLH_1:9704656-9704905,AT1G27850,+,terminator,2732,2982,0
bHLH_1:30187294-30187543,AT1G80290,+,promoter,375,625,0
bHLH_1:30187294-30187543,AT1G80280,-,promoter,172,422,0
bHLH_1:16917582-16917831,AT1G44800,-,promoter,221,471,0
bHLH_1:6899029-6899278,AT1G19870,-,promoter,539,789,0
bHLH_1:12124505-12124754,AT1G33420,-,promoter,0,71,0
bHLH_1:12124505-12124754,AT1G33430,-,terminator,1520,1751,0
bHLH_1:14197035-14197284,AT1G07017,+,terminator,2370,2620,335
bHLH_1:8626378-8626627,AT1G24320,-,terminator,1706,1956,0
bHLH_1:8626378-8626627,AT1G24310,+,terminator,1993,2243,0
bHLH_1:6675473-6675722,AT1G19310,-,terminator,2506,2756,0
bHLH_1:12965701-12965950,AT1G35330,+,terminator,1608,1858,0
bHLH_1:9888498-9888747,AT1G28290,-,terminator,2372,2622,0
bHLH_1:29593673-29593922,AT1G78680,+,promoter,918,1168,0
bHLH_1:29593673-29593922,AT1G78670,+,terminator,2149,2399,0
bHLH_1:28244647-28244896,AT1G75250,-,terminator,1520,1689,0
bHLH_1:22217626-22217875,AT1G60260,-,terminator,2930,3020,0
bHLH_1:22217626-22217875,AT1G60250,-,promoter,956,1206,244
bHLH_1:7167994-7168243,AT1G20670,-,promoter,797,1047,0
bHLH_1:20654727-20654976,AT1G55340,+,terminator,2983,3020,0
bHLH_1:27199614-27199863,AT1G72270,-,terminator,1778,2028,0
bHLH_1:27199614-27199863,AT1G72260,-,promoter,604,854,0
bHLH_1:2248012-2248261,AT1G07300,-,promoter,0,228,0
bHLH_1:2248012-2248261,AT1G07320,+,promoter,46,296,0
bHLH_1:19891360-19891609,AT1G53320,-,terminator,1520,1594,0
bHLH_1:12201578-12201827,AT1G33670,+,promoter,616,866,0
bHLH_1:12201578-12201827,AT1G06693,+,terminator,2851,3020,679
bHLH_1:10902166-10902415,AT1G30730,+,terminator,1560,1810,0
bHLH_1:10902166-10902415,AT1G30740,+,promoter,172,422,0
bHLH_1:20921681-20921930,AT1G55940,-,terminator,2430,2680,0
bHLH_1:24518960-24519209,AT1G65900,-,promoter,391,641,0
bHLH_1:23740371-23740620,AT1G63970,-,promoter,763,1013,0
bHLH_1:23740371-23740620,AT1G63980,+,promoter,879,1129,0
bHLH_1:1514382-1514631,AT1G04353,+,terminator,1840,2090,0
bHLH_1:4702295-4702544,AT1G13710,-,terminator,2131,2381,0
bHLH_1:12753714-12753963,AT1G34844,+,terminator,2829,3020,0
bHLH_1:12146012-12146261,AT1G33475,-,terminator,2945,3020,0
bHLH_1:26478055-26478304,AT1G70300,-,terminator,1520,1707,0
bHLH_1:18217105-18217354,AT1G49245,+,promoter,0,15,71
bHLH_1:23639342-23639591,AT1G08623,+,promoter,273,523,730
bHLH_1:23639342-23639591,AT1G08627,-,terminator,2568,2818,769
bHLH_1:17720326-17720575,AT1G48030,-,promoter,0,174,0
bHLH_1:1659961-1660210,AT1G05570,-,promoter,400,650,0
bHLH_1:12149007-12149256,AT1G33480,-,terminator,1520,1527,0
bHLH_1:12149007-12149256,AT1G33475,-,promoter,123,373,0
bHLH_1:28595986-28596235,AT1G76210,-,promoter,760,1010,0
bHLH_1:24574451-24574700,AT1G66000,+,promoter,1108,1358,0
bHLH_1:24574451-24574700,AT1G65990,-,promoter,0,20,0
bHLH_1:9911456-9911705,AT1G28310,-,terminator,2516,2766,0
bHLH_1:20625943-20626192,AT1G55290,-,terminator,1855,2105,0
bHLH_1:28739884-28740133,AT1G76590,+,promoter,345,595,0
bHLH_1:28739884-28740133,AT1G76580,+,terminator,2937,3020,0
bHLH_1:28739884-28740133,AT1G09633,-,promoter,1034,1200,601
bHLH_1:28739884-28740133,AT1G09633,-,terminator,1821,1905,601
bHLH_1:29525351-29525600,AT1G78480,-,terminator,1919,2169,137
bHLH_1:29525351-29525600,AT1G09817,-,promoter,685,935,915
bHLH_1:29525351-29525600,AT1G78478,+,terminator,2034,2284,813
bHLH_1:22212187-22212436,AT1G60230,-,terminator,1666,1916,0
bHLH_1:22212187-22212436,AT1G60220,+,terminator,2036,2286,0
bHLH_1:20333450-20333699,AT1G54445,+,terminator,2500,2750,178
bHLH_1:22355648-22355897,AT1G60720,+,promoter,0,39,0
bHLH_1:19519373-19519622,AT1G52400,+,terminator,2982,3020,0
bHLH_1:19519373-19519622,AT1G52410,+,promoter,0,21,0
bHLH_1:5926438-5926687,AT1G17300,+,promoter,803,1053,0
bHLH_1:5926438-5926687,AT1G17290,+,terminator,2058,2308,0
bHLH_1:24785799-24786048,AT1G66450,+,promoter,772,1022,0
bHLH_1:6419308-6419557,AT1G18640,-,promoter,135,385,0
bHLH_1:6419308-6419557,AT1G18650,-,terminator,1520,1549,0
bHLH_1:30275162-30275411,AT1G80520,+,promoter,47,297,0
bHLH_1:30275162-30275411,AT1G80510,+,terminator,2291,2541,0
bHLH_1:30275162-30275411,AT1G09977,-,terminator,2366,2616,604
bHLH_1:1338443-1338692,AT1G04770,-,promoter,156,406,0
bHLH_1:1338443-1338692,AT1G04778,+,promoter,0,106,22
bHLH_1:2035447-2035696,AT1G06650,+,promoter,730,980,0
bHLH_1:2035447-2035696,AT1G06645,+,terminator,1643,1893,0
bHLH_1:2035447-2035696,AT1G04487,-,terminator,2040,2290,460
bHLH_1:6860534-6860783,AT1G19835,-,promoter,779,1029,0
bHLH_1:25332870-25333119,AT1G67590,-,terminator,1957,2207,0
bHLH_1:27884066-27884315,AT1G74150,+,terminator,2229,2479,0
bHLH_1:18990097-18990346,AT1G51210,+,terminator,2850,3020,0
bHLH_1:18990097-18990346,AT1G51220,-,terminator,1520,1673,0
bHLH_1:5298025-5298274,AT1G15410,+,promoter,702,952,0
bHLH_1:5298025-5298274,AT1G15400,-,promoter,0,50,0
bHLH_1:5298025-5298274,AT1G05163,-,promoter,1296,1363,275
bHLH_1:5298025-5298274,AT1G05163,-,terminator,1658,1841,275
bHLH_1:5298025-5298274,AT1G15405,-,promoter,891,1141,708
bHLH_1:29857226-29857475,AT1G79370,+,promoter,293,543,0
bHLH_1:22279728-22279977,AT1G60460,+,terminator,2741,2991,0
bHLH_1:8354817-8355066,AT1G23560,-,promoter,552,802,0
bHLH_1:8354817-8355066,AT1G23570,-,terminator,1758,2008,0
bHLH_1:7061361-7061610,AT1G20380,+,promoter,920,1170,0
bHLH_1:5368355-5368604,AT1G15600,+,promoter,433,683,0
bHLH_1:5368355-5368604,AT1G15590,+,terminator,1705,1955,0
bHLH_1:3360996-3361245,AT1G10250,-,promoter,262,512,578
bHLH_1:3360996-3361245,AT1G04783,-,terminator,2183,2433,397
bHLH_1:18052552-18052801,AT1G48800,+,terminator,1520,1670,0
bHLH_1:29098619-29098868,AT1G77440,+,terminator,2145,2395,0
bHLH_1:29098619-29098868,AT1G77450,+,promoter,0,31,0
bHLH_1:29098619-29098868,AT1G09733,-,promoter,1193,1194,612
bHLH_1:29098619-29098868,AT1G09733,-,terminator,1826,2075,612
bHLH_1:22636321-22636570,AT1G61350,+,terminator,2240,2490,0
bHLH_1:24276233-24276482,AT1G65349,+,promoter,162,412,628
bHLH_1:25409938-25410187,AT1G67770,+,terminator,1793,2043,0
bHLH_1:28929561-28929810,AT1G09697,+,terminator,2877,3020,582
bHLH_1:3125676-3125925,AT1G04713,-,promoter,683,933,697
bHLH_1:8693023-8693272,AT1G24530,+,promoter,1394,1500,0
bHLH_1:23687871-23688120,AT1G63830,+,terminator,2517,2767,0
bHLH_1:11653321-11653570,AT1G32310,+,promoter,822,1072,0
bHLH_1:11653321-11653570,AT1G32300,+,terminator,1961,2211,0
bHLH_1:2688826-2689075,AT1G08500,+,promoter,947,1197,0
bHLH_1:2688826-2689075,AT1G08490,-,promoter,582,832,0
bHLH_1:9668346-9668595,AT1G27752,+,terminator,2816,3020,0
bHLH_1:9668346-9668595,AT1G27760,+,promoter,839,1089,0
bHLH_1:6206576-6206825,AT1G18030,+,terminator,1608,1858,0
bHLH_1:6206576-6206825,AT1G18040,-,terminator,2064,2314,0
bHLH_1:6206576-6206825,AT1G05363,-,promoter,319,569,763
bHLH_1:3903284-3903533,AT1G11600,+,terminator,1520,1659,0
bHLH_1:27547161-27547410,AT1G73250,-,promoter,68,318,0
bHLH_1:27547161-27547410,AT1G73260,-,terminator,1706,1956,0
bHLH_1:1766042-1766291,AT1G05840,-,promoter,991,1241,0
bHLH_1:1766042-1766291,AT1G05850,-,terminator,2230,2480,0
bHLH_1:12278333-12278582,AT1G33820,-,terminator,1874,2124,0
bHLH_1:13680955-13681204,AT1G36325,-,terminator,2518,2768,0
bHLH_1:26477384-26477633,AT1G70300,-,terminator,2128,2378,0
bHLH_1:28111468-28111717,AT1G74820,-,terminator,2109,2359,228
bHLH_1:28111468-28111717,AT1G74810,+,terminator,1548,1798,0
bHLH_1:24103440-24103689,AT1G64870,+,terminator,1629,1879,85
bHLH_1:25451346-25451595,AT1G67870,-,promoter,455,705,0
bHLH_1:18953491-18953740,AT1G51170,-,terminator,1736,1986,0
bHLH_1:25449230-25449479,AT1G67870,-,terminator,1761,2011,0
bHLH_1:20587883-20588132,AT1G55200,-,terminator,3015,3020,0
bHLH_1:20587883-20588132,AT1G55190,+,promoter,487,737,197
bHLH_1:20587883-20588132,AT1G55180,-,promoter,590,840,0
bHLH_1:20587883-20588132,AT1G08037,-,terminator,2205,2455,218
bHLH_1:29351310-29351559,AT1G09777,+,promoter,839,1089,651
bHLH_1:10758673-10758922,AT1G30440,+,promoter,931,1181,0
bHLH_1:19118414-19118663,AT1G51540,+,terminator,2900,3020,0
bHLH_1:19118414-19118663,AT1G51560,-,terminator,2961,3020,0
bHLH_1:19118414-19118663,AT1G07753,+,terminator,1864,2114,110
bHLH_1:17955545-17955794,AT1G48560,+,terminator,2056,2306,0
bHLH_1:4741921-4742170,AT1G13830,-,promoter,18,268,0
bHLH_1:4741921-4742170,AT1G13850,+,promoter,0,77,927
bHLH_1:4741921-4742170,AT1G13840,+,promoter,923,1037,927
bHLH_1:4741921-4742170,AT1G13840,+,terminator,1984,2120,927
bHLH_1:4306049-4306298,AT1G12650,+,promoter,1259,1500,0
bHLH_1:4306049-4306298,AT1G12640,-,promoter,608,858,0
bHLH_1:23766069-23766318,AT1G64050,+,terminator,1921,2171,0
bHLH_1:9132645-9132894,AT1G26400,-,terminator,2415,2665,0
bHLH_1:9132645-9132894,AT1G26390,-,promoter,0,134,0
bHLH_1:11509277-11509526,AT1G32010,-,terminator,1833,2083,0
bHLH_1:11509277-11509526,AT1G32000,-,promoter,382,632,375
bHLH_1:2997191-2997440,AT1G09280,-,terminator,2678,2928,0
bHLH_1:18182758-18183007,AT1G49170,-,terminator,2195,2445,0
bHLH_1:18182758-18183007,AT1G49160,-,promoter,502,752,0
bHLH_1:534138-534387,AT1G02540,-,terminator,2458,2708,127
bHLH_1:534138-534387,AT1G02530,+,terminator,1520,1731,0
bHLH_1:20066351-20066600,AT1G53730,+,terminator,2658,2908,0
bHLH_1:26131410-26131659,AT1G69523,+,terminator,2138,2388,0
bHLH_1:26131410-26131659,AT1G69526,+,promoter,1117,1367,0
bHLH_1:7932398-7932647,AT1G22470,-,terminator,2148,2398,172
bHLH_1:7932398-7932647,AT1G05747,-,promoter,408,658,572
bHLH_1:9352999-9353248,AT1G26945,+,terminator,2186,2436,0
bHLH_1:6002201-6002450,AT1G17460,+,terminator,1520,1739,0
bHLH_1:6002201-6002450,AT1G17470,+,promoter,314,564,0
bHLH_1:209076-209325,AT1G01580,+,promoter,1082,1332,0
bHLH_1:4069593-4069842,AT1G12040,+,promoter,602,852,0
bHLH_1:4069593-4069842,AT1G04923,-,promoter,570,820,407
bHLH_1:22801122-22801371,AT1G61740,-,promoter,1044,1294,0
bHLH_1:22897270-22897519,AT1G61940,-,terminator,1898,2148,0
bHLH_1:22080568-22080817,AT1G59980,+,promoter,880,1130,0
bHLH_1:13077834-13078083,AT1G35516,+,promoter,419,669,0
bHLH_1:13077834-13078083,AT1G35515,+,promoter,945,1195,0
bHLH_1:26158907-26159156,AT1G69560,+,terminator,1833,2083,0
bHLH_1:4151687-4151936,AT1G12230,+,terminator,2651,2901,0
bHLH_1:9272891-9273140,AT1G26790,-,terminator,2562,2812,0
bHLH_1:9272891-9273140,AT1G26780,+,terminator,2198,2448,0
bHLH_1:19118123-19118372,AT1G51540,+,terminator,2609,2859,0
bHLH_1:19118123-19118372,AT1G07753,+,promoter,1443,1445,110
bHLH_1:19118123-19118372,AT1G07753,+,terminator,1575,1823,110
bHLH_1:3563006-3563255,AT1G10720,+,promoter,1166,1416,0
bHLH_1:3563006-3563255,AT1G10717,+,terminator,2472,2722,625
bHLH_1:26527131-26527380,AT1G70380,-,promoter,964,1214,0
bHLH_1:18999241-18999490,AT1G51240,-,terminator,2897,3020,423
bHLH_1:8887869-8888118,AT1G25350,-,terminator,2918,3020,0
bHLH_1:23614576-23614825,AT1G63680,+,promoter,1237,1487,0
bHLH_1:11781148-11781397,AT1G32575,+,terminator,1520,1715,0
bHLH_1:11781148-11781397,AT1G06593,+,promoter,689,939,494
bHLH_1:29621090-29621339,AT1G78780,-,terminator,2019,2269,0
bHLH_1:29621090-29621339,AT1G78770,+,terminator,1663,1913,0
bHLH_1:10056180-10056429,AT1G28610,-,promoter,451,701,0
bHLH_1:12664692-12664941,AT1G34580,+,terminator,2842,3020,0
bHLH_1:6565809-6566058,AT1G19010,+,promoter,1316,1500,0
bHLH_1:6853678-6853927,AT1G19830,+,terminator,2753,3003,170
bHLH_1:868085-868334,AT1G03475,-,terminator,2537,2787,0
bHLH_1:868085-868334,AT1G03470,-,promoter,398,648,0
bHLH_1:22812917-22813166,AT1G61770,+,terminator,2260,2510,0
bHLH_1:22812917-22813166,AT1G61780,-,terminator,1520,1675,0
bHLH_1:29340611-29340860,AT1G78020,+,terminator,2871,3020,0
bHLH_1:29388504-29388753,AT1G78100,+,terminator,1520,1552,0
bHLH_1:29205577-29205826,AT1G77710,+,promoter,11,261,0
bHLH_1:11577568-11577817,AT1G32170,+,terminator,1558,1808,0
bHLH_1:11577568-11577817,AT1G32172,+,promoter,63,313,0
bHLH_1:17171121-17171370,AT1G45230,-,promoter,1101,1351,0
bHLH_1:17171121-17171370,AT1G45332,-,terminator,2769,3019,0
bHLH_1:12358900-12359149,AT1G34000,-,promoter,816,1066,0
bHLH_1:12358900-12359149,AT1G34010,-,terminator,2323,2573,0
bHLH_1:12358900-12359149,AT1G33990,+,terminator,2889,3020,0
bHLH_1:12358900-12359149,AT1G06717,+,terminator,2389,2639,666
bHLH_1:26038687-26038936,AT1G69260,+,promoter,783,1033,0
bHLH_1:1084515-1084764,AT1G04150,-,promoter,666,916,0
bHLH_1:137275-137524,AT1G01355,+,promoter,0,37,0
bHLH_1:19635021-19635270,AT1G52700,-,promoter,0,30,0
bHLH_1:1481433-1481682,AT1G05140,+,promoter,0,138,0
bHLH_1:4011452-4011701,AT1G11880,-,promoter,0,9,0
bHLH_1:4011452-4011701,AT1G04913,-,promoter,791,1041,566
bHLH_1:12313186-12313435,AT1G33900,-,promoter,1082,1332,0
bHLH_1:7906823-7907072,AT1G22400,-,promoter,896,1146,0
bHLH_1:28163898-28164147,AT1G75010,-,terminator,2699,2949,0
bHLH_1:219164-219413,AT1G01600,+,promoter,1331,1500,0
bHLH_1:20678774-20679023,AT1G55380,-,promoter,583,833,0
bHLH_1:1696867-1697116,AT1G05670,-,terminator,2443,2693,0
bHLH_1:1696867-1697116,AT1G05660,-,promoter,74,324,0
bHLH_1:241725-241974,AT1G01670,-,terminator,2757,3007,0
bHLH_1:2370234-2370483,AT1G07670,-,terminator,1555,1805,0
bHLH_1:2370234-2370483,AT1G07660,+,terminator,2519,2769,97
bHLH_1:18231224-18231473,AT1G49290,-,terminator,2952,3020,0
bHLH_1:18231224-18231473,AT1G49270,-,promoter,0,106,0
bHLH_1:18231224-18231473,AT1G49280,-,promoter,78,328,926
bHLH_1:28267544-28267793,AT1G75335,+,promoter,4,254,538
bHLH_1:5415602-5415851,AT1G15740,+,terminator,2703,2953,0
bHLH_1:9209982-9210231,AT1G26650,+,promoter,932,1182,0
bHLH_1:9209982-9210231,AT1G26640,-,promoter,670,920,0
bHLH_1:823834-824083,AT1G03360,+,promoter,318,568,0
bHLH_1:823834-824083,AT1G03350,-,promoter,1326,1500,0
bHLH_1:4525995-4526244,AT1G13245,-,promoter,959,1209,209
bHLH_1:4525995-4526244,AT1G04997,-,terminator,2734,2984,595
bHLH_1:4525995-4526244,AT1G04993,-,promoter,115,365,910
bHLH_1:6777250-6777499,AT1G19580,+,terminator,1702,1952,0
bHLH_1:12711562-12711811,AT1G34670,+,terminator,2917,3020,0
bHLH_1:5046524-5046773,AT1G14685,+,terminator,2988,3020,0
bHLH_1:5046524-5046773,AT1G14686,-,promoter,1119,1369,0
bHLH_1:24611549-24611798,AT1G66120,+,promoter,0,180,0
bHLH_1:4557178-4557427,AT1G13300,+,promoter,1301,1500,0
bHLH_1:25417464-25417713,AT1G67790,-,terminator,1847,2097,0
bHLH_1:25417464-25417713,AT1G67785,-,promoter,508,758,0
bHLH_1:25417464-25417713,AT1G67792,+,promoter,1087,1337,0
bHLH_1:26917133-26917382,AT1G71420,-,terminator,2422,2672,0
bHLH_1:26917133-26917382,AT1G71410,-,promoter,1349,1500,0
bHLH_1:29345517-29345766,AT1G09773,-,promoter,348,598,159
bHLH_1:6989539-6989788,AT1G20160,-,terminator,2872,3020,0
bHLH_1:30129932-30130181,AT1G80080,-,promoter,467,717,0
bHLH_1:30129932-30130181,AT1G80090,+,promoter,715,965,0
bHLH_1:5486843-5487092,AT1G15960,-,promoter,12,262,0
bHLH_1:4612262-4612511,AT1G13450,-,terminator,2238,2488,0
bHLH_1:4612262-4612511,AT1G05013,+,terminator,2509,2759,752
bHLH_1:4612262-4612511,AT1G13448,+,promoter,1020,1270,313
bHLH_1:2588965-2589214,AT1G08260,+,promoter,1112,1362,0
bHLH_1:2588965-2589214,AT1G08250,-,terminator,1580,1830,0
bHLH_1:2588965-2589214,AT1G08240,+,terminator,2389,2639,928
bHLH_1:3264530-3264779,AT1G09995,-,promoter,0,112,0
bHLH_1:3264530-3264779,AT1G10000,-,promoter,1396,1500,0
bHLH_1:30167932-30168181,AT1G80220,+,promoter,1094,1344,232
bHLH_1:12238888-12239137,AT1G33760,+,terminator,2198,2448,0
bHLH_1:18546150-18546399,AT1G50050,+,promoter,1065,1315,0
bHLH_1:16760583-16760832,AT1G44090,-,terminator,1802,2052,0
bHLH_1:26797349-26797598,AT1G71030,-,promoter,0,183,0
bHLH_1:18018116-18018365,AT1G48720,+,terminator,1678,1928,271
bHLH_1:18018116-18018365,AT1G48725,+,promoter,0,93,0
bHLH_1:158608-158857,AT1G01440,-,terminator,2789,3020,0
bHLH_1:158608-158857,AT1G01430,-,promoter,965,1215,0
bHLH_1:4541682-4541931,AT1G13260,+,promoter,515,765,0
bHLH_1:2192973-2193222,AT1G07150,-,terminator,2737,2987,0
bHLH_1:7221293-7221542,AT1G20790,-,terminator,1520,1606,0
bHLH_1:7221293-7221542,AT1G20780,+,terminator,2471,2721,0
bHLH_1:8886052-8886301,AT1G25340,+,terminator,1520,1545,0
bHLH_1:2760710-2760959,AT1G08660,-,promoter,0,179,0
bHLH_1:24023134-24023383,AT1G64650,-,terminator,2133,2383,0
bHLH_1:24023134-24023383,AT1G64640,-,promoter,1040,1290,0
bHLH_1:24023134-24023383,AT1G64630,+,terminator,2844,3020,0
bHLH_1:1233568-1233817,AT1G04520,+,terminator,1556,1806,0
bHLH_1:1233568-1233817,AT1G04530,-,terminator,2377,2627,0
bHLH_1:27441101-27441350,AT1G72940,+,promoter,121,371,0
bHLH_1:27441101-27441350,AT1G72930,+,terminator,2657,2907,0
bHLH_1:27441101-27441350,AT1G09353,-,promoter,1235,1302,396
bHLH_1:27441101-27441350,AT1G09353,-,terminator,1718,1901,396
bHLH_1:6557555-6557804,AT1G18990,-,terminator,2788,3020,0
bHLH_1:6557555-6557804,AT1G18975,+,terminator,1601,1851,0
bHLH_1:6557555-6557804,AT1G18980,-,promoter,1310,1468,65
bHLH_1:6557555-6557804,AT1G18980,-,terminator,1553,1645,65
bHLH_1:21456929-21457178,AT1G58025,-,terminator,2507,2757,0
bHLH_1:7990018-7990267,AT1G22600,-,promoter,0,199,0
bHLH_1:25675158-25675407,AT1G68470,-,terminator,2972,3020,0
bHLH_1:25596018-25596267,AT1G68290,+,promoter,348,598,0
bHLH_1:25596018-25596267,AT1G08973,-,terminator,2305,2555,0
bHLH_1:8768262-8768511,AT1G24800,+,promoter,0,2,0
bHLH_1:27030008-27030257,AT1G71866,-,terminator,2188,2438,0
bHLH_1:27030008-27030257,AT1G71865,+,terminator,1520,1718,0
bHLH_1:27030008-27030257,AT1G71860,+,terminator,2936,3020,0
bHLH_1:27030008-27030257,AT1G09267,-,promoter,391,641,746
bHLH_1:7735115-7735364,AT1G21980,+,promoter,1455,1500,0
bHLH_1:20504519-20504768,AT1G54960,+,terminator,2463,2713,0
bHLH_1:20504519-20504768,AT1G54970,+,promoter,619,869,0
bHLH_1:26446327-26446576,AT1G70220,-,terminator,1526,1776,0
bHLH_1:26446327-26446576,AT1G09153,-,promoter,221,471,397
bHLH_1:26446327-26446576,AT1G09147,+,terminator,2960,3020,657
bHLH_1:23231263-23231512,AT1G62730,-,promoter,305,555,0
bHLH_1:23231263-23231512,AT1G62740,+,promoter,1342,1500,0
bHLH_1:2076798-2077047,AT1G06760,-,terminator,1520,1725,0
bHLH_1:2076798-2077047,AT1G06750,+,terminator,2313,2563,0
bHLH_1:2076798-2077047,AT1G04503,+,terminator,1820,2070,516
bHLH_1:12189120-12189369,AT1G33610,+,promoter,1443,1500,0
bHLH_1:28953235-28953484,AT1G77060,-,promoter,1095,1345,0
bHLH_1:4206702-4206951,AT1G12360,+,terminator,2236,2486,0
bHLH_1:4206702-4206951,AT1G12370,-,terminator,1520,1677,0
bHLH_1:25863507-25863756,AT1G68810,+,terminator,1993,2243,0
bHLH_1:26101739-26101988,AT1G69440,-,terminator,1520,1687,0
bHLH_1:23866038-23866287,AT1G64300,+,terminator,2013,2263,0
bHLH_1:23866038-23866287,AT1G64310,+,promoter,986,1236,0
bHLH_1:21259608-21259857,AT1G56710,-,promoter,1116,1366,0
bHLH_1:22119528-22119777,AT1G60040,-,promoter,1151,1401,44
bHLH_1:25711896-25712145,AT1G68526,-,promoter,1233,1256,489
bHLH_1:25711896-25712145,AT1G68526,-,terminator,1765,1992,489
bHLH_1:25711896-25712145,AT1G68520,-,promoter,0,93,0
bHLH_1:25711896-25712145,AT1G68530,-,terminator,2287,2537,0
bHLH_1:24939619-24939868,AT1G66852,-,promoter,0,213,667
bHLH_1:24939619-24939868,AT1G66855,-,promoter,1144,1232,536
bHLH_1:24939619-24939868,AT1G66855,-,terminator,1788,1950,536
bHLH_1:3924464-3924713,AT1G11660,+,terminator,1918,2168,0
bHLH_1:30351247-30351496,AT1G80750,+,terminator,2703,2953,0
bHLH_1:1355584-1355833,AT1G04820,-,terminator,2269,2519,0
bHLH_1:1355584-1355833,AT1G04810,+,terminator,2138,2388,0
bHLH_1:5853173-5853422,AT1G17130,+,promoter,81,331,0
bHLH_1:21534711-21534960,AT1G58160,+,terminator,2291,2541,283
bHLH_1:21534711-21534960,AT1G58170,+,promoter,0,67,0
bHLH_1:26442822-26443071,AT1G70210,+,terminator,1835,2085,0
bHLH_1:6061359-6061608,AT1G17615,+,terminator,2528,2778,0
bHLH_1:6061359-6061608,AT1G17620,+,promoter,465,715,0
bHLH_1:29110882-29111131,AT1G77470,-,terminator,2835,3020,0
bHLH_1:4743017-4743266,AT1G13860,-,terminator,1956,2206,0
bHLH_1:4743017-4743266,AT1G13850,+,promoter,923,1037,927
bHLH_1:4743017-4743266,AT1G13850,+,terminator,1984,2120,927
bHLH_1:4743017-4743266,AT1G13840,+,terminator,2966,3020,927
bHLH_1:20779102-20779351,AT1G55610,-,terminator,2160,2410,0
bHLH_1:5779193-5779442,AT1G16900,-,terminator,1584,1834,0
bHLH_1:5779193-5779442,AT1G16890,-,promoter,86,336,0
bHLH_1:9867997-9868246,AT1G28240,-,terminator,2029,2279,0
bHLH_1:662991-663240,AT1G02930,-,promoter,234,484,0
bHLH_1:662991-663240,AT1G02940,-,terminator,1741,1991,0
bHLH_1:4962206-4962455,AT1G14500,+,terminator,2426,2676,0
bHLH_1:8316594-8316843,AT1G23400,-,promoter,32,282,0
bHLH_1:8316594-8316843,AT1G23410,+,terminator,2877,3020,115
bHLH_1:8316594-8316843,AT1G23420,+,promoter,298,548,0
bHLH_1:20828029-20828278,AT1G55720,-,terminator,1858,2108,0
bHLH_1:11581474-11581723,AT1G32172,+,terminator,2947,3020,0
bHLH_1:10147517-10147766,AT1G29060,+,promoter,913,1163,0
bHLH_1:11902422-11902671,AT1G32850,+,promoter,794,1044,0
bHLH_1:11902422-11902671,AT1G06623,+,terminator,2922,3020,888
bHLH_1:18275860-18276109,AT1G49380,+,promoter,218,468,0
bHLH_1:8076400-8076649,AT1G22830,+,promoter,1405,1500,0
bHLH_1:10012805-10013054,AT1G28480,-,terminator,2398,2648,177
bHLH_1:10012805-10013054,AT1G28470,+,terminator,2567,2817,0
bHLH_1:10012805-10013054,AT1G06163,+,promoter,1169,1314,373
bHLH_1:10012805-10013054,AT1G06163,+,terminator,1707,1812,373
bHLH_1:18551171-18551420,AT1G50060,+,promoter,1051,1301,0
bHLH_1:6017123-6017372,AT1G17500,+,promoter,316,566,0
bHLH_1:22710963-22711212,AT1G61562,+,terminator,2861,3020,0
bHLH_1:24050331-24050580,AT1G64740,+,promoter,1326,1500,0
bHLH_1:3675540-3675789,AT1G11020,+,promoter,0,100,0
bHLH_1:3675540-3675789,AT1G11000,-,promoter,1343,1500,0
bHLH_1:3675540-3675789,AT1G11010,+,promoter,0,184,915
bHLH_1:11927732-11927981,AT1G32920,+,promoter,0,226,0
bHLH_1:11927732-11927981,AT1G32910,+,terminator,2450,2700,0
bHLH_1:11927732-11927981,AT1G06633,+,promoter,834,1084,638
bHLH_1:11927732-11927981,AT1G06627,-,promoter,1234,1248,505
bHLH_1:11927732-11927981,AT1G06627,-,terminator,1773,2009,505
bHLH_1:59787-60036,AT1G01120,-,promoter,178,428,0
bHLH_1:9952803-9953052,AT1G28360,+,terminator,1718,1968,0
bHLH_1:24267850-24268099,AT1G65330,-,promoter,236,486,0
bHLH_1:24267850-24268099,AT1G65340,-,terminator,2054,2304,0
bHLH_1:25280574-25280823,AT1G67490,-,terminator,1605,1855,0
bHLH_1:9999806-10000055,AT1G28440,+,terminator,1520,1621,0
bHLH_1:28218433-28218682,AT1G75190,+,promoter,209,459,0
bHLH_1:28218433-28218682,AT1G75180,-,promoter,1118,1368,0
bHLH_1:5304205-5304454,AT1G15420,-,promoter,67,317,0
bHLH_1:5304205-5304454,AT1G15430,+,promoter,1108,1358,0
bHLH_1:29756764-29757013,AT1G79103,+,terminator,2796,3020,0
bHLH_1:9150619-9150868,AT1G26460,+,promoter,0,242,0
bHLH_1:9150619-9150868,AT1G26450,-,promoter,381,631,0
bHLH_1:29675855-29676104,AT1G78922,-,terminator,2669,2919,0
bHLH_1:4504646-4504895,AT1G13195,-,promoter,0,30,0
bHLH_1:7740862-7741111,AT1G21990,-,terminator,1520,1687,0
bHLH_1:7740862-7741111,AT1G05693,-,promoter,0,150,683
bHLH_1:7740862-7741111,AT1G05697,+,terminator,2947,3020,801
bHLH_1:28944446-28944695,AT1G77010,+,terminator,1639,1889,0
bHLH_1:28944446-28944695,AT1G77020,-,terminator,2166,2416,0
bHLH_1:29867456-29867705,AT1G79410,-,terminator,2167,2417,0
bHLH_1:29867456-29867705,AT1G79400,+,terminator,1636,1886,0
bHLH_1:12811663-12811912,AT1G35040,+,promoter,507,757,587
bHLH_1:12811663-12811912,AT1G35035,-,promoter,395,645,721
bHLH_1:21923716-21923965,AT1G59660,+,promoter,731,981,0
bHLH_1:21923716-21923965,AT1G59650,+,terminator,2723,2973,0
bHLH_1:24256868-24257117,AT1G65310,+,promoter,815,1065,0
bHLH_1:908099-908348,AT1G03620,-,promoter,294,544,0
bHLH_1:5500682-5500931,AT1G16022,-,terminator,2404,2654,460
bHLH_1:5500682-5500931,AT1G16025,+,promoter,178,428,545
bHLH_1:5500682-5500931,AT1G16020,+,terminator,1520,1594,0
bHLH_1:28223727-28223976,AT1G75210,+,promoter,892,1142,0
bHLH_1:28223727-28223976,AT1G75200,-,promoter,808,1058,0
bHLH_1:25571611-25571860,AT1G68230,+,promoter,493,743,0
bHLH_1:25571611-25571860,AT1G68220,+,terminator,1898,2148,0
bHLH_1:5515478-5515727,AT1G16090,+,promoter,220,470,0
bHLH_1:5515478-5515727,AT1G16080,+,terminator,1520,1721,0
bHLH_1:8843934-8844183,AT1G25240,+,promoter,0,43,0
bHLH_1:8843934-8844183,AT1G05937,+,promoter,1161,1297,407
bHLH_1:8843934-8844183,AT1G05937,+,terminator,1724,1838,407
bHLH_1:11163834-11164083,AT1G31230,-,promoter,190,440,0
bHLH_1:11163834-11164083,AT1G31243,+,promoter,196,446,616
bHLH_1:11163834-11164083,AT1G31240,-,terminator,1793,2043,0
bHLH_1:27922575-27922824,AT1G74250,+,terminator,1873,2123,0
bHLH_1:27922575-27922824,AT1G74260,-,terminator,1919,2169,0
bHLH_1:16799821-16800070,AT1G44170,-,promoter,1250,1500,0
bHLH_1:4953460-4953709,AT1G14460,-,promoter,574,824,0
bHLH_1:4953460-4953709,AT1G14470,+,promoter,424,674,0
bHLH_1:4953460-4953709,AT1G05093,+,terminator,1958,2208,494
bHLH_1:4344663-4344912,AT1G12750,-,terminator,2049,2299,0
bHLH_1:4344663-4344912,AT1G12740,+,terminator,1808,2058,0
bHLH_1:15684957-15685206,AT1G41920,-,promoter,280,530,0
bHLH_1:1842443-1842692,AT1G06080,+,promoter,0,231,0
bHLH_1:19911168-19911417,AT1G53370,+,terminator,1542,1792,0
bHLH_1:12940159-12940408,AT1G06853,-,promoter,0,195,716
bHLH_1:23580328-23580577,AT1G63590,+,terminator,1646,1896,193
bHLH_1:29187909-29188158,AT1G77660,-,promoter,773,1023,0
bHLH_1:29187909-29188158,AT1G77670,-,terminator,2703,2953,0
bHLH_1:20169565-20169814,AT1G54030,+,terminator,1901,2151,0
bHLH_1:20169565-20169814,AT1G54040,-,terminator,2919,3020,0
bHLH_1:28326842-28327091,AT1G75460,+,promoter,145,395,0
bHLH_1:10691727-10691976,AT1G30330,-,promoter,11,261,0
bHLH_1:7309760-7310009,AT1G20960,-,promoter,1261,1500,0
bHLH_1:20551827-20552076,AT1G55070,+,promoter,1376,1500,0
bHLH_1:20551827-20552076,AT1G55080,-,terminator,2847,3020,0
bHLH_1:9069383-9069632,AT1G05987,+,promoter,614,864,586
bHLH_1:24212066-24212315,AT1G65170,+,terminator,2970,3020,0
bHLH_1:24212066-24212315,AT1G65180,-,terminator,1520,1631,0
bHLH_1:20464864-20465113,AT1G54890,+,terminator,2187,2437,0
bHLH_1:391938-392187,AT1G02110,+,promoter,108,358,0
bHLH_1:23441618-23441867,AT1G63206,+,terminator,2707,2957,0
bHLH_1:20830560-20830809,AT1G55730,-,terminator,2240,2490,0
bHLH_1:20830560-20830809,AT1G55720,-,promoter,830,1080,0
bHLH_1:30260711-30260960,AT1G80490,-,terminator,1876,2126,0
bHLH_1:30260711-30260960,AT1G80480,-,promoter,771,1021,0
bHLH_1:27400606-27400855,AT1G72810,-,promoter,618,868,0
bHLH_1:3770279-3770528,AT1G11250,+,terminator,2197,2447,0
bHLH_1:3770279-3770528,AT1G11240,-,promoter,270,520,0
bHLH_1:362801-363050,AT1G02060,-,promoter,1091,1341,0
bHLH_1:2754544-2754793,AT1G08650,+,terminator,2755,3005,0
bHLH_1:29800072-29800321,AT1G79220,+,terminator,1521,1771,0
bHLH_1:29800072-29800321,AT1G79230,+,promoter,510,760,0
bHLH_1:30227134-30227383,AT1G80410,-,terminator,2120,2370,0
bHLH_1:30227134-30227383,AT1G80400,+,terminator,1579,1829,0
bHLH_1:30227134-30227383,AT1G09963,+,promoter,130,380,557
bHLH_1:3891023-3891272,AT1G11580,+,terminator,2219,2469,0
bHLH_1:3891023-3891272,AT1G04857,-,terminator,2516,2766,797
bHLH_1:8663418-8663667,AT1G24440,+,terminator,1520,1681,0
bHLH_1:8663418-8663667,AT1G24450,+,promoter,322,572,0
bHLH_1:19789205-19789454,AT1G53110,+,promoter,64,314,0
bHLH_1:19789205-19789454,AT1G53100,-,promoter,695,945,0
bHLH_1:19912710-19912959,AT1G53380,-,terminator,2049,2299,0
bHLH_1:17499705-17499954,AT1G07397,+,terminator,2569,2819,752
bHLH_1:17499705-17499954,AT1G07407,-,promoter,341,591,726
