file,gene,n_individuals,avg_mut_per_ind,median_mut_per_ind,unique_positions,max_count_pos_base,top_positions
3_Zm00001eb145360_gene:174689294-174688377_260205_171536_292813,3_Zm00001eb145360_gene:174689294-174688377_260205_171536_292813,91,45.0,45.0,112,89,1184:89;1058:87;1201:87
2_Zm00001eb071230_gene:11386081-11383455_260205_171435_455315,2_Zm00001eb071230_gene:11386081-11383455_260205_171435_455315,91,45.0,45.0,117,86,1235:86;1177:82;1181:82
9_Zm00001eb394060_gene:132595491-132599370_260205_195631_022376,9_Zm00001eb394060_gene:132595491-132599370_260205_195631_022376,110,49.518181818181816,51.5,110,109,1180:109;1216:108;1208:107
1_Zm00001eb039880_gene:210953321-210952356_260205_162006_399916,1_Zm00001eb039880_gene:210953321-210952356_260205_162006_399916,94,45.202127659574465,45.5,101,93,1252:93;1267:91;1284:91
1_Zm00001eb016640_gene:58790622-58805167_260205_162006_399812,1_Zm00001eb016640_gene:58790622-58805167_260205_162006_399812,91,45.0,45.0,102,84,1303:84;1375:82;1380:82
1_Zm00001eb027720_gene:140973273-140967581_260205_162006_399834,1_Zm00001eb027720_gene:140973273-140967581_260205_162006_399834,105,49.34285714285714,51.0,110,104,1299:104;1332:103;1285:102
4_Zm00001eb181410_gene:111283533-111284982_260205_180647_752242,4_Zm00001eb181410_gene:111283533-111284982_260205_180647_752242,91,45.0,45.0,117,84,1201:84;1217:84;1222:84
4_Zm00001eb174050_gene:40907305-40901229_260205_180606_134445,4_Zm00001eb174050_gene:40907305-40901229_260205_180606_134445,91,45.0,45.0,104,89,1123:89;1139:88;1140:88
5_Zm00001eb223490_gene:37506987-37494541_260205_181115_981132,5_Zm00001eb223490_gene:37506987-37494541_260205_181115_981132,105,48.75238095238095,52.0,102,104,1227:104;1193:103;1201:102
9_Zm00001eb375020_gene:15885539-15884866_260205_195321_218791,9_Zm00001eb375020_gene:15885539-15884866_260205_195321_218791,92,45.48913043478261,45.5,112,83,1107:83;1110:83;1113:83
3_Zm00001eb158360_gene:219797033-219806504_260205_180406_673537,3_Zm00001eb158360_gene:219797033-219806504_260205_180406_673537,91,45.0,45.0,107,83,1290:83;1291:83;1305:83
10_Zm00001eb419060_gene:98307625-98308866_260205_171323_950489,10_Zm00001eb419060_gene:98307625-98308866_260205_171323_950489,92,45.34782608695652,45.5,117,91,1206:91;1321:89;1176:88
7_Zm00001eb301180_gene:9508066-9507628_260205_190304_228136,7_Zm00001eb301180_gene:9508066-9507628_260205_190304_228136,90,44.55555555555556,44.5,113,83,1101:83;1104:82;1137:82
8_Zm00001eb366650_gene:172906240-172903924_260205_194804_492387,8_Zm00001eb366650_gene:172906240-172903924_260205_194804_492387,91,45.0,45.0,115,88,1262:88;1277:88;1276:87
2_Zm00001eb117690_gene:241361253-241363418_260205_171455_900440,2_Zm00001eb117690_gene:241361253-241363418_260205_171455_900440,91,45.0,45.0,124,87,1330:88;1133:87;1332:87
8_Zm00001eb356980_gene:142174240-142169595_260205_195023_338720,8_Zm00001eb356980_gene:142174240-142169595_260205_195023_338720,98,47.285714285714285,48.5,102,97,1191:97;1176:96;1213:94
6_Zm00001eb271000_gene:84325957-84326421_260205_185422_786313,6_Zm00001eb271000_gene:84325957-84326421_260205_185422_786313,91,45.0,45.0,102,85,1205:85;1227:85;1231:85
7_Zm00001eb298790_gene:2369631-2371252_260205_190310_842981,7_Zm00001eb298790_gene:2369631-2371252_260205_190310_842981,91,45.0,45.0,129,86,1233:86;1250:86;1260:86
10_Zm00001eb414910_gene:73564824-73566176_260205_171321_761416,10_Zm00001eb414910_gene:73564824-73566176_260205_171321_761416,95,46.189473684210526,47.0,101,94,1129:94;1156:93;1113:91
6_Zm00001eb266960_gene:46828842-46830572_260205_190212_986379,6_Zm00001eb266960_gene:46828842-46830572_260205_190212_986379,91,45.0,45.0,122,88,1286:88;1265:84;1439:84
1_Zm00001eb009610_gene:29968953-29975857_260205_162006_400057,1_Zm00001eb009610_gene:29968953-29975857_260205_162006_400057,90,44.51111111111111,44.5,104,87,1141:88;1138:87;1174:83
9_Zm00001eb386820_gene:98122331-98123000_260205_195158_588395,9_Zm00001eb386820_gene:98122331-98123000_260205_195158_588395,90,44.5,44.5,105,85,1268:86;1282:85;1289:85
10_Zm00001eb421930_gene:116703177-116706315_260205_171159_382700,10_Zm00001eb421930_gene:116703177-116706315_260205_171159_382700,94,46.08510638297872,46.5,112,92,1135:92;1127:91;1122:90
6_Zm00001eb262400_gene:17495185-17490785_260205_190107_179814,6_Zm00001eb262400_gene:17495185-17490785_260205_190107_179814,90,44.63333333333333,44.5,122,86,1158:86;1161:86;1150:81
10_Zm00001eb433670_gene:150371812-150367842_260205_171318_230895,10_Zm00001eb433670_gene:150371812-150367842_260205_171318_230895,92,45.41304347826087,45.5,112,91,1315:91;1324:88;1437:85
1_Zm00001eb030330_gene:167063933-167069025_260205_162006_399921,1_Zm00001eb030330_gene:167063933-167069025_260205_162006_399921,91,45.0,45.0,111,86,1382:86;1384:86;1389:86
9_Zm00001eb378890_gene:27837365-27838716_260205_195651_850373,9_Zm00001eb378890_gene:27837365-27838716_260205_195651_850373,113,50.823008849557525,55.0,105,111,1220:112;1219:111;1214:108
3_Zm00001eb139490_gene:144576485-144590871_260205_180254_454413,3_Zm00001eb139490_gene:144576485-144590871_260205_180254_454413,107,50.38317757009346,53.0,98,104,1215:104;1216:104;1161:103
3_Zm00001eb143660_gene:164887798-164893906_260205_180455_486921,3_Zm00001eb143660_gene:164887798-164893906_260205_180455_486921,98,47.795918367346935,48.5,105,94,1113:97;1152:95;1154:94
8_Zm00001eb336560_gene:17448827-17446356_260205_195117_055114,8_Zm00001eb336560_gene:17448827-17446356_260205_195117_055114,92,45.22826086956522,45.5,122,88,540:88;512:85;536:77
8_Zm00001eb344240_gene:73998164-73997215_260205_190622_305639,8_Zm00001eb344240_gene:73998164-73997215_260205_190622_305639,91,45.0,45.0,110,90,1324:90;1301:89;1343:87
8_Zm00001eb368640_gene:176586254-176583214_260205_194931_156453,8_Zm00001eb368640_gene:176586254-176583214_260205_194931_156453,93,45.55913978494624,46.0,107,90,1131:92;1184:90;1175:89
9_Zm00001eb397020_gene:143827986-143847918_260205_195652_350373,9_Zm00001eb397020_gene:143827986-143847918_260205_195652_350373,113,50.73451327433628,56.0,104,112,1148:112;1270:111;1164:109
5_Zm00001eb240160_gene:159176872-159167469_260205_180858_746048,5_Zm00001eb240160_gene:159176872-159167469_260205_180858_746048,186,61.30107526881721,69.0,125,182,1254:182;1259:182;1265:182
9_Zm00001eb400980_gene:154751110-154746930_260205_195632_662714,9_Zm00001eb400980_gene:154751110-154746930_260205_195632_662714,97,47.329896907216494,48.0,101,95,1289:96;1128:95;1153:94
2_Zm00001eb094040_gene:156950830-156948039_260205_171350_971000,2_Zm00001eb094040_gene:156950830-156948039_260205_171350_971000,91,45.0,45.0,114,85,1332:85;1342:85;1304:84
8_Zm00001eb351080_gene:117872588-117868988_260205_194949_839218,8_Zm00001eb351080_gene:117872588-117868988_260205_194949_839218,99,47.101010101010104,48.0,128,98,1256:98;1274:97;1167:96
1_Zm00001eb052700_gene:265550186-265547550_260205_162006_400441,1_Zm00001eb052700_gene:265550186-265547550_260205_162006_400441,91,45.0,45.0,110,89,1144:89;1145:89;1156:86
8_Zm00001eb359030_gene:149935019-149936675_260205_194751_623136,8_Zm00001eb359030_gene:149935019-149936675_260205_194751_623136,91,45.0,45.0,106,87,1281:87;1231:84;1248:84
4_Zm00001eb202570_gene:222112764-222115449_260205_180653_497845,4_Zm00001eb202570_gene:222112764-222115449_260205_180653_497845,91,44.91208791208791,45.0,113,89,1346:89;1334:87;1335:87
scaf_114_Zm00001eb437610_gene:87437-91199_260205_195732_332994,scaf_114_Zm00001eb437610_gene:87437-91199_260205_195732_332994,91,45.0,45.0,112,84,1433:84;1437:82;1363:81
5_Zm00001eb221280_gene:27465221-27467796_260205_181006_175041,5_Zm00001eb221280_gene:27465221-27467796_260205_181006_175041,91,45.0,45.0,101,89,1394:89;1399:88;1420:87
1_Zm00001eb027490_gene:133530446-133531442_260205_162006_399998,1_Zm00001eb027490_gene:133530446-133531442_260205_162006_399998,92,45.45652173913044,45.5,104,89,1293:89;1197:87;1227:86
1_Zm00001eb005450_gene:15194902-15196258_260205_162006_399777,1_Zm00001eb005450_gene:15194902-15196258_260205_162006_399777,93,45.88172043010753,46.0,111,82,1127:82;1130:82;1137:82
1_Zm00001eb023950_gene:96544606-96540917_260205_162006_399917,1_Zm00001eb023950_gene:96544606-96540917_260205_162006_399917,91,45.0,45.0,107,90,1108:90;1134:89;1291:87
8_Zm00001eb342880_gene:66309690-66312445_260205_194551_291897,8_Zm00001eb342880_gene:66309690-66312445_260205_194551_291897,95,46.17894736842105,47.0,99,93,977:93;1113:92;1230:91
6_Zm00001eb294870_gene:174168436-174169179_260205_185808_638497,6_Zm00001eb294870_gene:174168436-174169179_260205_185808_638497,92,45.30434782608695,45.5,103,91,1171:91;1165:89;1118:87
6_Zm00001eb261480_gene:12602917-12605884_260205_185811_610733,6_Zm00001eb261480_gene:12602917-12605884_260205_185811_610733,94,45.88297872340426,46.5,101,93,1264:93;1293:91;1273:90
4_Zm00001eb203480_gene:228317872-228318240_260205_180530_236936,4_Zm00001eb203480_gene:228317872-228318240_260205_180530_236936,91,45.0,45.0,117,90,888:90;828:89;688:86
4_Zm00001eb184450_gene:141150768-141143816_260205_180855_987662,4_Zm00001eb184450_gene:141150768-141143816_260205_180855_987662,102,48.1764705882353,49.5,98,101,1295:101;1203:100;1177:98
scaf_360_Zm00001eb441240_gene:56200-55663_260205_195742_716906,scaf_360_Zm00001eb441240_gene:56200-55663_260205_195742_716906,90,44.522222222222226,44.5,109,89,1180:89;1193:86;1182:85
1_Zm00001eb054100_gene:271099919-271102956_260205_162006_400002,1_Zm00001eb054100_gene:271099919-271102956_260205_162006_400002,91,44.857142857142854,45.0,110,90,1328:90;1236:88;1346:87
4_Zm00001eb184580_gene:142574496-142573917_260205_180837_021181,4_Zm00001eb184580_gene:142574496-142573917_260205_180837_021181,92,45.41304347826087,45.5,115,90,956:90;1226:89;976:88
1_Zm00001eb001640_gene:4856665-4854127_260205_162006_400063,1_Zm00001eb001640_gene:4856665-4854127_260205_162006_400063,102,47.509803921568626,48.5,110,100,1212:100;1225:100;1242:100
9_Zm00001eb397320_gene:144850322-144855849_260205_195647_761137,9_Zm00001eb397320_gene:144850322-144855849_260205_195647_761137,101,48.37623762376238,50.0,105,100,1150:100;1160:98;1132:97
1_Zm00001eb020350_gene:75394151-75390295_260205_162006_399819,1_Zm00001eb020350_gene:75394151-75390295_260205_162006_399819,130,53.94615384615385,57.5,97,127,1166:127;1180:127;1215:126
10_Zm00001eb408100_gene:10249260-10254317_260205_171221_655625,10_Zm00001eb408100_gene:10249260-10254317_260205_171221_655625,102,48.23529411764706,49.5,125,100,1234:100;1237:100;1260:97
2_Zm00001eb115720_gene:236767635-236763789_260205_171442_074099,2_Zm00001eb115720_gene:236767635-236763789_260205_171442_074099,92,45.26086956521739,45.5,105,91,1176:91;1151:90;1152:87
6_Zm00001eb281320_gene:132086562-132086085_260205_185602_353753,6_Zm00001eb281320_gene:132086562-132086085_260205_185602_353753,91,45.0,45.0,106,87,1205:87;1192:86;1193:86
6_Zm00001eb266790_gene:45514691-45515306_260205_185820_955392,6_Zm00001eb266790_gene:45514691-45515306_260205_185820_955392,90,44.51111111111111,44.5,105,84,1253:84;1288:84;1305:84
6_Zm00001eb271400_gene:88113437-88113169_260205_185856_745700,6_Zm00001eb271400_gene:88113437-88113169_260205_185856_745700,91,45.0,45.0,104,89,1120:89;1107:86;1066:81
3_Zm00001eb127980_gene:38168137-38168941_260205_171610_207858,3_Zm00001eb127980_gene:38168137-38168941_260205_171610_207858,94,45.851063829787236,46.5,97,93,1199:93;1210:92;1222:91
4_Zm00001eb203250_gene:226829174-226832684_260205_180610_150494,4_Zm00001eb203250_gene:226829174-226832684_260205_180610_150494,109,48.88990825688074,51.0,98,105,1141:106;1273:105;1138:104
7_Zm00001eb310510_gene:99189382-99188939_260205_190218_096398,7_Zm00001eb310510_gene:99189382-99188939_260205_190218_096398,92,45.130434782608695,45.5,101,89,1141:89;1151:89;1153:89
6_Zm00001eb264880_gene:31422627-31418213_260205_185823_201162,6_Zm00001eb264880_gene:31422627-31418213_260205_185823_201162,98,46.61224489795919,47.5,106,96,1208:97;1184:96;1227:95
8_Zm00001eb363020_gene:164672544-164668894_260205_190325_860047,8_Zm00001eb363020_gene:164672544-164668894_260205_190325_860047,91,45.0,45.0,113,88,1171:89;1150:88;1127:87
6_Zm00001eb273970_gene:101489682-101489079_260205_185657_479595,6_Zm00001eb273970_gene:101489682-101489079_260205_185657_479595,92,45.30434782608695,45.5,109,89,1142:89;1134:88;1136:86
6_Zm00001eb284740_gene:145531674-145525276_260205_190019_834884,6_Zm00001eb284740_gene:145531674-145525276_260205_190019_834884,95,46.67368421052632,47.0,113,94,1117:94;1128:93;1158:92
9_Zm00001eb403070_gene:158933007-158950363_260205_195118_720665,9_Zm00001eb403070_gene:158933007-158950363_260205_195118_720665,98,47.142857142857146,48.5,109,96,1230:96;1158:94;1335:94
3_Zm00001eb163570_gene:235932374-235929673_260205_180516_057524,3_Zm00001eb163570_gene:235932374-235929673_260205_180516_057524,92,45.391304347826086,45.5,101,91,1400:91;1397:90;738:89
1_Zm00001eb063600_gene:302758316-302752202_260205_162006_399846,1_Zm00001eb063600_gene:302758316-302752202_260205_162006_399846,97,46.72164948453608,48.0,118,95,1158:95;1161:95;1147:93
1_Zm00001eb029950_gene:164474121-164475847_260205_162006_399921,1_Zm00001eb029950_gene:164474121-164475847_260205_162006_399921,91,45.0,45.0,108,90,1097:90;938:89;1172:84
5_Zm00001eb210790_gene:1365174-1371616_260205_180930_293817,5_Zm00001eb210790_gene:1365174-1371616_260205_180930_293817,92,45.47826086956522,45.5,111,91,1228:91;1195:90;1225:89
10_Zm00001eb407020_gene:5957648-5953590_260205_162006_399771,10_Zm00001eb407020_gene:5957648-5953590_260205_162006_399771,103,48.33980582524272,51.0,96,99,1255:102;1243:100;1296:100
7_Zm00001eb321110_gene:153819173-153820003_260205_190325_857135,7_Zm00001eb321110_gene:153819173-153820003_260205_190325_857135,92,45.48913043478261,45.5,106,89,1195:91;1200:89;1219:89
3_Zm00001eb150760_gene:193518324-193530789_260205_171505_609719,3_Zm00001eb150760_gene:193518324-193530789_260205_171505_609719,90,44.544444444444444,44.5,102,89,1165:89;1126:88;1131:87
4_Zm00001eb208550_gene:247111322-247111058_260205_180723_899158,4_Zm00001eb208550_gene:247111322-247111058_260205_180723_899158,91,45.0,45.0,111,90,1891:90;1895:89;1940:83
6_Zm00001eb290990_gene:166342427-166341276_260205_185701_254807,6_Zm00001eb290990_gene:166342427-166341276_260205_185701_254807,92,45.42391304347826,45.5,112,91,1162:91;1157:90;1117:87
2_Zm00001eb076880_gene:28560382-28555257_260205_171447_289260,2_Zm00001eb076880_gene:28560382-28555257_260205_171447_289260,92,45.26086956521739,45.5,115,90,1208:90;1235:90;1169:89
4_Zm00001eb188110_gene:164183099-164186206_260205_180817_323415,4_Zm00001eb188110_gene:164183099-164186206_260205_180817_323415,97,46.58762886597938,48.0,115,95,1223:95;1198:92;1201:92
1_Zm00001eb054110_gene:271105209-271108173_260205_162006_400007,1_Zm00001eb054110_gene:271105209-271108173_260205_162006_400007,93,45.45161290322581,46.0,102,92,1149:92;1162:91;1286:90
4_Zm00001eb175560_gene:50153761-50148375_260205_180716_153960,4_Zm00001eb175560_gene:50153761-50148375_260205_180716_153960,103,47.83495145631068,51.0,104,102,1134:102;1152:101;1141:100
2_Zm00001eb084460_gene:62348949-62350014_260205_171432_326296,2_Zm00001eb084460_gene:62348949-62350014_260205_171432_326296,92,44.66304347826087,45.0,114,91,1256:91;1228:90;1242:89
2_Zm00001eb082430_gene:50788572-50787160_260205_171405_503428,2_Zm00001eb082430_gene:50788572-50787160_260205_171405_503428,98,46.57142857142857,48.5,102,97,1203:97;1457:96;1222:95
1_Zm00001eb051900_gene:263002045-263008387_260205_162006_399776,1_Zm00001eb051900_gene:263002045-263008387_260205_162006_399776,91,45.0,45.0,101,87,1356:87;1384:87;1271:86
2_Zm00001eb070510_gene:9877377-9881780_260205_171449_085702,2_Zm00001eb070510_gene:9877377-9881780_260205_171449_085702,91,45.0,45.0,107,89,1186:90;1164:89;1158:88
8_Zm00001eb342810_gene:65766812-65767400_260205_190342_219341,8_Zm00001eb342810_gene:65766812-65767400_260205_190342_219341,91,45.0,45.0,116,87,1263:87;1290:87;1255:86
4_Zm00001eb201760_gene:216956666-216952328_260205_180856_410246,4_Zm00001eb201760_gene:216956666-216952328_260205_180856_410246,91,45.0,45.0,110,83,1255:83;1179:82;1181:82
2_Zm00001eb075710_gene:24842101-24840278_260205_171354_840906,2_Zm00001eb075710_gene:24842101-24840278_260205_171354_840906,99,47.61616161616162,49.0,107,98,1175:98;1133:97;1202:95
9_Zm00001eb373360_gene:9745306-9745651_260205_195336_295841,9_Zm00001eb373360_gene:9745306-9745651_260205_195336_295841,91,45.0,45.0,106,90,1149:90;1141:89;1144:88
7_Zm00001eb326910_gene:172867159-172867622_260205_190302_118123,7_Zm00001eb326910_gene:172867159-172867622_260205_190302_118123,90,44.53333333333333,44.5,116,85,1084:89;1094:88;1078:87
scaf_398_Zm00001eb441520_gene:26000-29975_260205_200009_424048,scaf_398_Zm00001eb441520_gene:26000-29975_260205_200009_424048,91,45.0,45.0,108,90,1910:90;1360:86;1363:86
1_Zm00001eb056780_gene:281517778-281521970_260205_162006_399933,1_Zm00001eb056780_gene:281517778-281521970_260205_162006_399933,94,46.234042553191486,46.5,111,93,1315:93;1309:92;1320:91
1_Zm00001eb056160_gene:279299032-279297394_260205_162006_400002,1_Zm00001eb056160_gene:279299032-279297394_260205_162006_400002,93,45.86021505376344,46.0,101,88,1264:88;1274:88;1283:88
10_Zm00001eb419010_gene:97910770-97908755_260205_171315_212720,10_Zm00001eb419010_gene:97910770-97908755_260205_171315_212720,91,45.0,45.0,110,87,1236:87;1244:87;1262:86
2_Zm00001eb080580_gene:43250938-43248223_260205_171441_997079,2_Zm00001eb080580_gene:43250938-43248223_260205_171441_997079,92,45.22826086956522,45.5,104,91,1270:91;1285:90;1604:89
1_Zm00001eb063000_gene:301417124-301415684_260205_162006_399864,1_Zm00001eb063000_gene:301417124-301415684_260205_162006_399864,91,45.0,45.0,111,86,1114:86;1120:86;1145:86
10_Zm00001eb408870_gene:14418778-14418373_260205_171130_456887,10_Zm00001eb408870_gene:14418778-14418373_260205_171130_456887,91,45.0,45.0,101,84,1139:88;1126:83;1127:83
4_Zm00001eb167060_gene:6913147-6911220_260205_180847_853148,4_Zm00001eb167060_gene:6913147-6911220_260205_180847_853148,91,45.0,45.0,107,87,1209:87;1144:85;1179:84
9_Zm00001eb402310_gene:157734775-157739869_260205_195546_394973,9_Zm00001eb402310_gene:157734775-157739869_260205_195546_394973,99,48.101010101010104,49.0,101,97,1208:97;1337:97;1260:96
