deepCIS_segment,Gene_ID,deepCRE_region,Gene_Genomic_Location,Internal_deepCRE_Coord
WRKY_1:8049090-8049339,AT1G22740,TSS_Window,1:8049090-8050784,1001-1250
WRKY_1:8073307-8073556,AT1G22810,TTS_Window,1:8074231-8075037,2675-2924
WRKY_1:29676843-29677092,AT1G78920,TTS_Window,1:29671413-29677537,1501-1555
WRKY_1:1954548-1954797,AT1G06410,TSS_Window,1:1954674-1958866,875-1124
WRKY_1:9394782-9395031,AT1G27060,TSS_Window,1:9394907-9396673,876-1125
WRKY_1:2942213-2942462,AT1G09130,TSS_Window,1:2939568-2942345,884-1133
WRKY_1:1464374-1464623,AT1G05090,TSS_Window,1:1464239-1465875,1136-1385
WRKY_1:23100915-23101164,AT1G62422,TSS_Window,1:23100119-23101335,1172-1421
WRKY_1:8787497-8787746,AT1G24909,TSS_Window,1:8785785-8787914,1169-1418
WRKY_1:3472675-3472924,AT1G10530,TSS_Window,1:3471456-3472674,751-1000
WRKY_1:217922-218171,AT1G01590,TTS_Window,1:214150-217734,2188-2437
WRKY_1:217922-218171,AT1G01600,TSS_Window,1:218834-221286,89-338
WRKY_1:237741-237990,AT1G01650,TSS_Window,1:232840-237905,916-1165
WRKY_1:534552-534801,AT1G02530,TTS_Window,1:529679-534677,1875-2124
WRKY_1:534552-534801,AT1G02540,TTS_Window,1:534827-535699,2026-2275
WRKY_1:610438-610687,AT1G02780,TSS_Window,1:607799-609534,1-97
WRKY_1:610438-610687,AT1G02790,TTS_Window,1:610363-612324,1676-1925
WRKY_1:658161-658410,AT1G02910,TSS_Window,1:655568-658216,807-1056
WRKY_1:658161-658410,AT1G02920,TTS_Window,1:658578-659980,2168-2417
WRKY_1:706670-706919,AT1G03040,TSS_Window,1:703847-706689,771-1020
WRKY_1:706670-706919,AT1G03050,TSS_Window,1:707485-710041,186-435
WRKY_1:880343-880592,AT1G03520,TSS_Window,1:877861-880259,668-917
WRKY_1:880343-880592,AT1G03530,TTS_Window,1:880384-883599,1792-2041
WRKY_1:903958-904207,AT1G03610,TTS_Window,1:900732-903070,2888-3000
WRKY_1:903958-904207,AT1G03620,TTS_Window,1:904032-907643,1825-2074
WRKY_1:992691-992940,AT1G03900,TTS_Window,1:991106-993126,1565-1814
WRKY_1:992691-992940,AT1G03905,TSS_Window,1:993400-995989,292-541
WRKY_1:1464374-1464623,AT1G05087,TTS_Window,1:1463108-1464173,2201-2450
WRKY_1:1509751-1510000,AT1G05200,TTS_Window,1:1504941-1509152,2599-2848
WRKY_1:1509751-1510000,AT1G05205,TSS_Window,1:1509103-1510341,1342-1500
WRKY_1:1509751-1510000,AT1G05210,TSS_Window,1:1510404-1511683,348-597
WRKY_1:1576141-1576390,AT1G05380,TSS_Window,1:1576822-1582672,320-569
WRKY_1:1860873-1861122,AT1G06130,TSS_Window,1:1857757-1860938,817-1066
WRKY_1:1910489-1910738,AT1G06230,TTS_Window,1:1906963-1911056,1501-1682
WRKY_1:1910489-1910738,AT1G06240,TSS_Window,1:1911095-1913295,395-644
WRKY_1:1945055-1945304,AT1G06380,TSS_Window,1:1944993-1946303,1063-1312
WRKY_1:1962661-1962910,AT1G06430,TSS_Window,1:1960031-1963189,1280-1500
WRKY_1:1962661-1962910,AT1G06440,TTS_Window,1:1963301-1965209,2391-2640
WRKY_1:2031885-2032134,AT1G06630,TTS_Window,1:2027606-2031388,2497-2746
WRKY_1:2031885-2032134,AT1G06640,TSS_Window,1:2031626-2034112,1260-1500
WRKY_1:2327797-2328046,AT1G07560,TSS_Window,1:2327315-2331148,1483-1500
WRKY_1:2393080-2393329,AT1G07720,TSS_Window,1:2390531-2392628,300-549
WRKY_1:2392796-2393045,AT1G07720,TSS_Window,1:2390531-2392628,584-833
WRKY_1:2432150-2432399,AT1G07870,TSS_Window,1:2428773-2432091,693-942
WRKY_1:2573230-2573479,AT1G08190,TTS_Window,1:2567420-2573448,1782-2031
WRKY_1:2573230-2573479,AT1G08200,TTS_Window,1:2573818-2576844,2339-2588
WRKY_1:2703106-2703355,AT1G08530,TTS_Window,1:2700981-2703162,1944-2193
WRKY_1:2703106-2703355,AT1G08540,TSS_Window,1:2703295-2706860,812-1061
WRKY_1:2722305-2722554,AT1G08590,TTS_Window,1:2718538-2722280,2025-2274
WRKY_1:2942213-2942462,AT1G09140,TTS_Window,1:2942538-2945976,2076-2325
WRKY_1:3103871-3104120,AT1G09575,TSS_Window,1:3101149-3103677,558-807
WRKY_1:3103871-3104120,AT1G09580,TSS_Window,1:3104492-3106366,380-629
WRKY_1:3265644-3265893,AT1G10000,TSS_Window,1:3263850-3265176,284-533
WRKY_1:3265644-3265893,AT1G10010,TSS_Window,1:3265886-3268823,759-1008
WRKY_1:3276601-3276850,AT1G10030,TTS_Window,1:3273753-3275953,2648-2897
WRKY_1:3394774-3395023,AT1G10350,TSS_Window,1:3392943-3395181,1159-1408
WRKY_1:3394774-3395023,AT1G10360,TTS_Window,1:3395551-3396953,2528-2777
WRKY_1:3557904-3558153,AT1G10710,TSS_Window,1:3558358-3560705,547-796
WRKY_1:3845052-3845301,AT1G11410,TTS_Window,1:3840877-3844479,2573-2822
WRKY_1:3910109-3910358,AT1G11610,TSS_Window,1:3906862-3909338,1-230
WRKY_1:3910109-3910358,AT1G11620,TSS_Window,1:3910833-3911924,277-526
WRKY_1:3962790-3963039,AT1G11740,TTS_Window,1:3963054-3966850,2015-2264
WRKY_1:4025250-4025499,AT1G11920,TSS_Window,1:4023533-4025113,615-864
WRKY_1:4025250-4025499,AT1G11925,TTS_Window,1:4025930-4026733,2431-2680
WRKY_1:4158959-4159208,AT1G12244,TTS_Window,1:4157654-4159046,1913-2162
WRKY_1:4158959-4159208,AT1G12250,TSS_Window,1:4159227-4161506,733-982
WRKY_1:4190089-4190338,AT1G12320,TTS_Window,1:4186624-4190342,1747-1996
WRKY_1:4259109-4259358,AT1G12480,TSS_Window,1:4257268-4259300,943-1192
WRKY_1:4304948-4305197,AT1G12650,TSS_Window,1:4305791-4308007,158-407
WRKY_1:4422507-4422756,AT1G12950,TTS_Window,1:4419714-4422684,1823-2072
WRKY_1:4422507-4422756,AT1G12960,TSS_Window,1:4422707-4423155,1400-1500
WRKY_1:4422507-4422756,AT1G12960,TTS_Window,1:4422707-4423155,1951-2200
WRKY_1:4422507-4422756,AT1G12970,TSS_Window,1:4423540-4425936,1-217
WRKY_1:4483863-4484112,AT1G13150,TSS_Window,1:4481875-4483751,640-889
WRKY_1:4483863-4484112,AT1G13160,TSS_Window,1:4484584-4488577,280-529
WRKY_1:4527039-4527288,AT1G13245,TSS_Window,1:4525414-4526204,1-166
WRKY_1:4601094-4601343,AT1G13410,TSS_Window,1:4601235-4603635,860-1109
WRKY_1:4716206-4716455,AT1G13740,TTS_Window,1:4713433-4715407,2799-3000
WRKY_1:4721465-4721714,AT1G13760,TSS_Window,1:4720243-4721342,629-878
WRKY_1:4720578-4720827,AT1G13760,TTS_Window,1:4720243-4721342,1501-1665
WRKY_1:4721465-4721714,AT1G13770,TSS_Window,1:4721574-4724520,892-1141
WRKY_1:4720578-4720827,AT1G13770,TSS_Window,1:4721574-4724520,5-254
WRKY_1:4804587-4804836,AT1G14030,TTS_Window,1:4805306-4807517,2470-2719
WRKY_1:5014036-5014285,AT1G14610,TSS_Window,1:5008153-5014533,1249-1498
WRKY_1:5014036-5014285,AT1G14620,TTS_Window,1:5014675-5016708,2390-2639
WRKY_1:5107949-5108198,AT1G14820,TSS_Window,1:5104975-5107107,1-159
WRKY_1:5379198-5379447,AT1G15640,TSS_Window,1:5378886-5380239,1313-1500
WRKY_1:5403809-5404058,AT1G15700,TSS_Window,1:5402569-5403818,761-1010
WRKY_1:5403809-5404058,AT1G15710,TSS_Window,1:5404130-5405910,680-929
WRKY_1:5410613-5410862,AT1G15730,TSS_Window,1:5407401-5410043,182-431
WRKY_1:5410613-5410862,AT1G15740,TSS_Window,1:5410908-5414919,706-955
WRKY_1:5415336-5415585,AT1G15740,TTS_Window,1:5410908-5414919,2417-2666
WRKY_1:5538228-5538477,AT1G16160,TTS_Window,1:5535766-5538501,1727-1976
WRKY_1:5538228-5538477,AT1G16170,TTS_Window,1:5538666-5540002,2189-2438
WRKY_1:5777991-5778240,AT1G16890,TSS_Window,1:5776177-5778529,1290-1500
WRKY_1:5777991-5778240,AT1G16900,TTS_Window,1:5779008-5782433,2768-3000
WRKY_1:5833708-5833957,AT1G17065,TTS_Window,1:5832303-5834030,1678-1927
WRKY_1:5833977-5834226,AT1G17065,TTS_Window,1:5832303-5834030,1947-2196
WRKY_1:6018009-6018258,AT1G17500,TSS_Window,1:6017808-6023503,1202-1451
WRKY_1:6067873-6068122,AT1G17630,TTS_Window,1:6064482-6067151,2722-2971
WRKY_1:6197198-6197447,AT1G18000,TSS_Window,1:6194426-6196343,1-146
WRKY_1:6198574-6198823,AT1G18010,TSS_Window,1:6199690-6201759,1-134
WRKY_1:6248649-6248898,AT1G18150,TSS_Window,1:6244298-6247830,1-182
WRKY_1:6248649-6248898,AT1G18160,TSS_Window,1:6248619-6254080,1031-1280
WRKY_1:6300274-6300523,AT1G18310,TTS_Window,1:6301200-6303956,2677-2926
WRKY_1:6373088-6373337,AT1G18500,TTS_Window,1:6368966-6373080,2008-2257
WRKY_1:6373088-6373337,AT1G18510,TSS_Window,1:6373265-6374090,824-1073
WRKY_1:6432186-6432435,AT1G18680,TTS_Window,1:6431938-6433552,1503-1752
WRKY_1:6619800-6620049,AT1G19170,TTS_Window,1:6616602-6619006,2794-3000
WRKY_1:6621246-6621495,AT1G19180,TSS_Window,1:6621777-6623668,470-719
WRKY_1:6625391-6625640,AT1G19190,TTS_Window,1:6623823-6624977,2414-2663
WRKY_1:6625391-6625640,AT1G19200,TTS_Window,1:6625012-6626217,1501-1621
WRKY_1:6652554-6652803,AT1G19250,TSS_Window,1:6650476-6653195,1393-1500
WRKY_1:6728233-6728482,AT1G19430,TSS_Window,1:6724413-6728075,594-843
WRKY_1:6728233-6728482,AT1G19440,TSS_Window,1:6728747-6730931,487-736
WRKY_1:6746795-6747044,AT1G19480,TTS_Window,1:6744353-6746635,2160-2409
WRKY_1:6746795-6747044,AT1G19485,TSS_Window,1:6746778-6751609,1018-1267
WRKY_1:6766656-6766905,AT1G19550,TTS_Window,1:6767451-6768158,2546-2795
WRKY_1:6791933-6792182,AT1G19640,TSS_Window,1:6788885-6791919,738-987
WRKY_1:6914327-6914576,AT1G19910,TTS_Window,1:6913001-6914634,1693-1942
WRKY_1:6914327-6914576,AT1G19920,TTS_Window,1:6914518-6916823,1942-2191
WRKY_1:7050399-7050648,AT1G20370,TTS_Window,1:7051577-7053745,2929-3000
WRKY_1:7083177-7083426,AT1G20410,TSS_Window,1:7078804-7082566,141-390
WRKY_1:7083177-7083426,AT1G20430,TSS_Window,1:7083012-7083910,1485-1500
WRKY_1:7083177-7083426,AT1G20430,TTS_Window,1:7083012-7083910,1586-1835
WRKY_1:7083177-7083426,AT1G20440,TTS_Window,1:7084409-7086873,2983-3000
WRKY_1:7106704-7106953,AT1G20510,TSS_Window,1:7103362-7106121,169-418
WRKY_1:7106704-7106953,AT1G20520,TTS_Window,1:7106922-7107617,1969-2218
WRKY_1:7171123-7171372,AT1G20680,TTS_Window,1:7169309-7170856,2267-2516
WRKY_1:7261084-7261333,AT1G20870,TSS_Window,1:7259023-7261524,1192-1441
WRKY_1:7261084-7261333,AT1G20875,TSS_Window,1:7261481-7261681,604-853
WRKY_1:7261084-7261333,AT1G20875,TTS_Window,1:7261481-7261681,1501-1652
WRKY_1:7261084-7261333,AT1G20880,TTS_Window,1:7262009-7265555,2676-2925
WRKY_1:7375596-7375845,AT1G21065,TTS_Window,1:7374115-7375789,1807-2056
WRKY_1:7375596-7375845,AT1G21070,TTS_Window,1:7375869-7378227,2024-2273
WRKY_1:7448351-7448600,AT1G21270,TTS_Window,1:7444749-7448483,1868-2117
WRKY_1:7448351-7448600,AT1G21280,TSS_Window,1:7447490-7448483,884-1133
WRKY_1:7491189-7491438,AT1G21390,TSS_Window,1:7489046-7490803,366-615
WRKY_1:7491189-7491438,AT1G21395,TSS_Window,1:7491965-7492351,225-474
WRKY_1:7508589-7508838,AT1G21450,TSS_Window,1:7508701-7511801,889-1138
WRKY_1:7529158-7529407,AT1G21500,TTS_Window,1:7529705-7531108,2298-2547
WRKY_1:7553229-7553478,AT1G21550,TSS_Window,1:7552987-7553975,1498-1500
WRKY_1:7553229-7553478,AT1G21550,TTS_Window,1:7552987-7553975,1509-1758
WRKY_1:7627766-7628015,AT1G21720,TTS_Window,1:7626182-7628290,1501-1725
WRKY_1:7627766-7628015,AT1G21722,TSS_Window,1:7628456-7629364,311-560
WRKY_1:7661304-7661553,AT1G21830,TTS_Window,1:7660947-7662725,1501-1643
WRKY_1:7813734-7813983,AT1G22130,TSS_Window,1:7812211-7814345,1363-1500
WRKY_1:7813734-7813983,AT1G22140,TTS_Window,1:7814663-7815722,2680-2929
WRKY_1:7897705-7897954,AT1G22360,TSS_Window,1:7894807-7897761,808-1057
WRKY_1:7897705-7897954,AT1G22370,TTS_Window,1:7897915-7900335,1961-2210
WRKY_1:8024095-8024344,AT1G22670,TSS_Window,1:8021835-8023516,173-422
WRKY_1:8024095-8024344,AT1G22680,TTS_Window,1:8024967-8026356,2623-2872
WRKY_1:8049090-8049339,AT1G22730,TTS_Window,1:8046073-8049039,2051-2300
WRKY_1:8212035-8212284,AT1G23160,TTS_Window,1:8209226-8211486,2549-2798
WRKY_1:8212578-8212827,AT1G23170,TSS_Window,1:8212556-8215807,1023-1272
WRKY_1:8212035-8212284,AT1G23170,TSS_Window,1:8212556-8215807,480-729
WRKY_1:8260304-8260553,AT1G23270,TSS_Window,1:8259602-8260144,592-841
WRKY_1:8260304-8260553,AT1G23280,TTS_Window,1:8260608-8262795,2055-2304
WRKY_1:8354504-8354753,AT1G23560,TSS_Window,1:8352615-8354619,867-1116
WRKY_1:8354504-8354753,AT1G23570,TTS_Window,1:8354806-8356507,2053-2302
WRKY_1:8360342-8360591,AT1G23590,TSS_Window,1:8359125-8360645,1055-1304
WRKY_1:8360342-8360591,AT1G23600,TTS_Window,1:8360978-8362485,2387-2636
WRKY_1:8368541-8368790,AT1G23640,TSS_Window,1:8366941-8368381,592-841
WRKY_1:8368541-8368790,AT1G23645,TTS_Window,1:8369097-8370340,2307-2556
WRKY_1:8537256-8537505,AT1G24140,TSS_Window,1:8535999-8537780,1276-1500
WRKY_1:8585800-8586049,AT1G24230,TSS_Window,1:8584039-8585135,87-336
WRKY_1:8585800-8586049,AT1G24240,TSS_Window,1:8586335-8588180,466-715
WRKY_1:8686138-8686387,AT1G24490,TTS_Window,1:8682195-8685271,2867-3000
WRKY_1:8846538-8846787,AT1G25240,TTS_Window,1:8845142-8846726,1812-2061
WRKY_1:8863563-8863812,AT1G25277,TTS_Window,1:8861734-8862797,2766-3000
WRKY_1:8863563-8863812,AT1G25280,TSS_Window,1:8863768-8866894,796-1045
WRKY_1:9027722-9027971,AT1G26110,TSS_Window,1:9024341-9027955,985-1234
WRKY_1:9027722-9027971,AT1G26120,TTS_Window,1:9028376-9032327,2405-2654
WRKY_1:9209492-9209741,AT1G26640,TSS_Window,1:9207383-9209902,1162-1411
WRKY_1:9209492-9209741,AT1G26650,TSS_Window,1:9210051-9211588,442-691
WRKY_1:9320986-9321235,AT1G26900,TSS_Window,1:9319643-9321512,1278-1500
WRKY_1:9320986-9321235,AT1G26910,TSS_Window,1:9321650-9323028,337-586
WRKY_1:9394782-9395031,AT1G27050,TTS_Window,1:9393653-9394716,2066-2315
WRKY_1:9481162-9481411,AT1G27290,TSS_Window,1:9481405-9482992,758-1007
WRKY_1:9516577-9516826,AT1G27400,TTS_Window,1:9515114-9517070,1507-1756
WRKY_1:9516577-9516826,AT1G27410,TSS_Window,1:9517201-9519025,377-626
WRKY_1:9544169-9544418,AT1G27470,TSS_Window,1:9540049-9544303,886-1135
WRKY_1:9544169-9544418,AT1G27480,TSS_Window,1:9544410-9546285,760-1009
WRKY_1:9608800-9609049,AT1G27610,TSS_Window,1:9606968-9607996,1-197
WRKY_1:9610929-9611178,AT1G27620,TTS_Window,1:9608153-9610566,2363-2612
WRKY_1:9610929-9611178,AT1G27630,TSS_Window,1:9611053-9614336,877-1126
WRKY_1:9775064-9775313,AT1G28040,TSS_Window,1:9773580-9775481,1169-1418
WRKY_1:9775064-9775313,AT1G28050,TTS_Window,1:9775522-9778043,2209-2458
WRKY_1:9884620-9884869,AT1G28270,TTS_Window,1:9882951-9884189,2431-2680
WRKY_1:9884620-9884869,AT1G28280,TTS_Window,1:9885400-9887478,2531-2780
WRKY_1:9939573-9939822,AT1G28340,TSS_Window,1:9939961-9943616,613-862
WRKY_1:10023437-10023686,AT1G28510,TSS_Window,1:10023817-10026311,621-870
WRKY_1:10079324-10079573,AT1G28680,TTS_Window,1:10078189-10079909,1501-1664
WRKY_1:10079324-10079573,AT1G28690,TTS_Window,1:10080042-10081604,2469-2718
WRKY_1:10102436-10102685,AT1G28760,TSS_Window,1:10103081-10104883,356-605
WRKY_1:10146600-10146849,AT1G29060,TSS_Window,1:10147605-10149780,1-245
WRKY_1:10264180-10264429,AT1G29340,TSS_Window,1:10264043-10266917,1138-1387
WRKY_1:10378611-10378860,AT1G29670,TTS_Window,1:10375599-10377871,2740-2989
WRKY_1:10378611-10378860,AT1G29680,TSS_Window,1:10377790-10378961,1102-1351
WRKY_1:10378611-10378860,AT1G29690,TTS_Window,1:10379020-10382153,2160-2409
WRKY_1:10441436-10441685,AT1G29820,TTS_Window,1:10437657-10440786,2650-2899
WRKY_1:10441436-10441685,AT1G29830,TSS_Window,1:10441053-10445657,1384-1500
WRKY_1:10455473-10455722,AT1G29860,TTS_Window,1:10454433-10455874,1599-1848
WRKY_1:10496963-10497212,AT1G29960,TTS_Window,1:10494627-10496205,2758-3000
WRKY_1:10496963-10497212,AT1G29962,TSS_Window,1:10496730-10497287,1234-1483
WRKY_1:10496963-10497212,AT1G29962,TTS_Window,1:10496730-10497287,1676-1925
WRKY_1:10824313-10824562,AT1G30550,TSS_Window,1:10822161-10823903,342-591
WRKY_1:10824313-10824562,AT1G30560,TSS_Window,1:10824637-10826405,677-926
WRKY_1:10854384-10854633,AT1G30620,TSS_Window,1:10854517-10858280,868-1117
WRKY_1:10927293-10927542,AT1G30780,TSS_Window,1:10923919-10926561,20-269
WRKY_1:11426718-11426967,AT1G31840,TTS_Window,1:11423906-11426818,1900-2149
WRKY_1:11460914-11461163,AT1G31920,TTS_Window,1:11461855-11463857,2692-2941
WRKY_1:11478980-11479229,AT1G31950,TTS_Window,1:11475623-11478548,2432-2681
WRKY_1:11478980-11479229,AT1G31960,TSS_Window,1:11479133-11479654,1426-1500
WRKY_1:11478980-11479229,AT1G31960,TTS_Window,1:11479133-11479654,1904-2153
WRKY_1:11478980-11479229,AT1G31970,TSS_Window,1:11479763-11482890,218-467
WRKY_1:11775900-11776149,AT1G32560,TTS_Window,1:11774484-11775442,2458-2707
WRKY_1:11775900-11776149,AT1G32570,TSS_Window,1:11776765-11777557,136-385
WRKY_1:11787887-11788136,AT1G32583,TTS_Window,1:11785806-11788286,1601-1850
WRKY_1:11787887-11788136,AT1G32585,TTS_Window,1:11788515-11789177,2379-2628
WRKY_1:11874732-11874981,AT1G32790,TTS_Window,1:11874508-11877549,1527-1776
WRKY_1:11880170-11880419,AT1G32810,TSS_Window,1:11881311-11886015,1-109
WRKY_1:11979335-11979584,AT1G33060,TSS_Window,1:11975307-11978622,39-288
WRKY_1:12287262-12287511,AT1G33850,TTS_Window,1:12287913-12288210,2402-2651
WRKY_1:12293187-12293436,AT1G33860,TSS_Window,1:12294394-12295305,1-43
WRKY_1:12305277-12305526,AT1G33880,TSS_Window,1:12303862-12305203,678-927
WRKY_1:12352095-12352344,AT1G33970,TSS_Window,1:12349304-12351318,1-224
WRKY_1:12370715-12370964,AT1G34020,TTS_Window,1:12366810-12370014,2701-2950
WRKY_1:12465974-12466223,AT1G34220,TSS_Window,1:12462849-12466089,867-1116
WRKY_1:12473730-12473979,AT1G34245,TTS_Window,1:12472868-12473974,1756-2005
WRKY_1:12555942-12556191,AT1G34390,TSS_Window,1:12556005-12559082,938-1187
WRKY_1:12577659-12577908,AT1G34410,TSS_Window,1:12577722-12580824,938-1187
WRKY_1:12906139-12906388,AT1G35215,TSS_Window,1:12902718-12906171,784-1033
WRKY_1:12964688-12964937,AT1G35330,TSS_Window,1:12964986-12966113,703-952
WRKY_1:13042774-13043023,AT1G35460,TTS_Window,1:13039660-13042159,2615-2864
WRKY_1:13085643-13085892,AT1G35520,TSS_Window,1:13082819-13085830,939-1188
WRKY_1:13669619-13669868,AT1G36310,TSS_Window,1:13669425-13671203,1195-1444
WRKY_1:13700955-13701204,AT1G36380,TSS_Window,1:13700765-13701632,1191-1440
WRKY_1:13700955-13701204,AT1G36380,TTS_Window,1:13700765-13701632,1501-1572
WRKY_1:13700955-13701204,AT1G36390,TTS_Window,1:13701401-13703573,2197-2446
WRKY_1:15001579-15001828,AT1G40087,TSS_Window,1:14999615-15001868,1041-1290
WRKY_1:16068252-16068501,AT1G42700,TTS_Window,1:16066931-16067592,2660-2909
WRKY_1:16673765-16674014,AT1G43950,TSS_Window,1:16672582-16673952,939-1188
WRKY_1:16896291-16896540,AT1G44750,TTS_Window,1:16892527-16896089,2202-2451
WRKY_1:16896291-16896540,AT1G44760,TTS_Window,1:16896679-16898645,2139-2388
WRKY_1:16929062-16929311,AT1G44820,TTS_Window,1:16926297-16929196,1866-2115
WRKY_1:16934871-16935120,AT1G44830,TTS_Window,1:16933699-16934568,2303-2552
WRKY_1:17199688-17199937,AT1G45976,TSS_Window,1:17199314-17200841,1375-1500
WRKY_1:17291279-17291528,AT1G47130,TSS_Window,1:17291755-17292755,525-774
WRKY_1:17320948-17321197,AT1G47250,TTS_Window,1:17319119-17321202,1746-1995
WRKY_1:17474254-17474503,AT1G47560,TTS_Window,1:17466535-17473421,2833-3000
WRKY_1:17508337-17508586,AT1G47620,TTS_Window,1:17507893-17509731,1501-1556
WRKY_1:17606693-17606942,AT1G47813,TSS_Window,1:17606558-17606818,1136-1385
WRKY_1:17606693-17606942,AT1G47813,TTS_Window,1:17606558-17606818,1875-2124
WRKY_1:17663270-17663519,AT1G47920,TTS_Window,1:17661095-17662455,2815-3000
WRKY_1:17688133-17688382,AT1G47970,TTS_Window,1:17686990-17688859,1501-1523
WRKY_1:17827374-17827623,AT1G48270,TTS_Window,1:17827953-17830420,2330-2579
WRKY_1:18034927-18035176,AT1G48750,TSS_Window,1:18035967-18036510,1-210
WRKY_1:18034927-18035176,AT1G48760,TTS_Window,1:18035967-18039405,2791-3000
WRKY_1:18166097-18166346,AT1G49100,TTS_Window,1:18166128-18170105,1782-2031
WRKY_1:18349020-18349269,AT1G49570,TTS_Window,1:18346958-18349049,1971-2220
WRKY_1:18729839-18730088,AT1G50575,TSS_Window,1:18728634-18730498,1411-1500
WRKY_1:18729839-18730088,AT1G50580,TSS_Window,1:18730759-18732238,81-330
WRKY_1:18779338-18779587,AT1G50680,TSS_Window,1:18777601-18778614,28-277
WRKY_1:18779338-18779587,AT1G50690,TSS_Window,1:18779606-18780693,733-982
WRKY_1:18784710-18784959,AT1G50700,TTS_Window,1:18781764-18784582,2128-2377
WRKY_1:18784710-18784959,AT1G50710,TTS_Window,1:18784509-18787802,1550-1799
WRKY_1:18888890-18889139,AT1G50960,TSS_Window,1:18889473-18891838,418-667
WRKY_1:18917435-18917684,AT1G51035,TSS_Window,1:18917415-18917891,1021-1270
WRKY_1:18917435-18917684,AT1G51035,TTS_Window,1:18917415-18917891,1544-1793
WRKY_1:19102590-19102839,AT1G51510,TTS_Window,1:19102791-19104933,1952-2201
WRKY_1:19225576-19225825,AT1G51805,TSS_Window,1:19220236-19225797,973-1222
WRKY_1:19349432-19349681,AT1G52030,TSS_Window,1:19345871-19349088,408-657
WRKY_1:19349432-19349681,AT1G52040,TTS_Window,1:19350314-19352791,2633-2882
WRKY_1:19358007-19358256,AT1G52060,TTS_Window,1:19358800-19360822,2544-2793
WRKY_1:19395005-19395254,AT1G52120,TTS_Window,1:19396081-19398244,2827-3000
WRKY_1:19455411-19455660,AT1G52220,TSS_Window,1:19453435-19454765,106-355
WRKY_1:19455411-19455660,AT1G52230,TTS_Window,1:19454798-19455668,1743-1992
WRKY_1:19455411-19455660,AT1G52240,TTS_Window,1:19455495-19458069,1835-2084
WRKY_1:19468872-19469121,AT1G52280,TSS_Window,1:19467815-19469586,1466-1500
WRKY_1:19468872-19469121,AT1G52290,TTS_Window,1:19469820-19472582,2699-2948
WRKY_1:19489477-19489726,AT1G52330,TTS_Window,1:19488755-19489914,1563-1812
WRKY_1:19489477-19489726,AT1G52340,TTS_Window,1:19489794-19491650,2068-2317
WRKY_1:19505284-19505533,AT1G52370,TSS_Window,1:19506356-19508934,1-178
WRKY_1:19725943-19726192,AT1G52950,TSS_Window,1:19725483-19728035,1461-1500
WRKY_1:19820881-19821130,AT1G53170,TTS_Window,1:19821337-19822399,2207-2456
WRKY_1:19910204-19910453,AT1G53366,TSS_Window,1:19909840-19909977,525-774
WRKY_1:19910204-19910453,AT1G53366,TTS_Window,1:19909840-19909977,1501-1636
WRKY_1:19910204-19910453,AT1G53370,TSS_Window,1:19910516-19911646,689-938
WRKY_1:19958068-19958317,AT1G53470,TSS_Window,1:19958380-19961827,689-938
WRKY_1:20009403-20009652,AT1G53610,TSS_Window,1:20008996-20009320,669-918
WRKY_1:20009403-20009652,AT1G53610,TTS_Window,1:20008996-20009320,1501-1593
WRKY_1:20019831-20020080,AT1G53635,TSS_Window,1:20019287-20019835,756-1005
WRKY_1:20019831-20020080,AT1G53640,TTS_Window,1:20020885-20025541,2805-3000
WRKY_1:20119500-20119749,AT1G53885,TSS_Window,1:20119506-20120480,995-1244
WRKY_1:20280683-20280932,AT1G54330,TSS_Window,1:20279507-20280952,1021-1270
WRKY_1:20420589-20420838,AT1G54710,TSS_Window,1:20416770-20421156,1319-1500
WRKY_1:20464401-20464650,AT1G54890,TTS_Window,1:20462940-20464697,1704-1953
WRKY_1:20551039-20551288,AT1G55060,TTS_Window,1:20549533-20550225,2814-3000
WRKY_1:20551039-20551288,AT1G55070,TSS_Window,1:20551452-20552633,588-837
WRKY_1:20578531-20578780,AT1G55152,TSS_Window,1:20577424-20578308,529-778
WRKY_1:20636700-20636949,AT1G55320,TTS_Window,1:20633096-20636892,1808-2057
WRKY_1:20636700-20636949,AT1G55325,TSS_Window,1:20637333-20648434,368-617
WRKY_1:20845202-20845451,AT1G55750,TSS_Window,1:20840091-20845899,1449-1500
WRKY_1:20845202-20845451,AT1G55755,TSS_Window,1:20846115-20847732,88-337
WRKY_1:21257204-21257453,AT1G56710,TTS_Window,1:21257728-21259974,2275-2524
WRKY_1:21364227-21364476,AT1G57680,TSS_Window,1:21362359-21364749,1274-1500
WRKY_1:21385167-21385416,AT1G57750,TSS_Window,1:21383812-21385709,1294-1500
WRKY_1:21392496-21392745,AT1G57765,TSS_Window,1:21393084-21394982,413-662
WRKY_1:21585216-21585465,AT1G58245,TSS_Window,1:21584252-21584524,60-309
WRKY_1:21585216-21585465,AT1G58248,TTS_Window,1:21586036-21586311,2571-2820
WRKY_1:21746306-21746555,AT1G58602,TSS_Window,1:21746354-21766048,953-1202
WRKY_1:21878680-21878929,AT1G59550,TTS_Window,1:21879649-21880788,2720-2969
WRKY_1:21931164-21931413,AT1G59670,TTS_Window,1:21930010-21931366,1798-2047
WRKY_1:21931164-21931413,AT1G59675,TTS_Window,1:21931833-21932403,2420-2669
WRKY_1:21951648-21951897,AT1G59730,TTS_Window,1:21952597-21953480,2700-2949
WRKY_1:22034084-22034333,AT1G59865,TSS_Window,1:22032313-22033297,1-214
WRKY_1:22034084-22034333,AT1G59870,TSS_Window,1:22034423-22040126,662-911
WRKY_1:22053099-22053348,AT1G59910,TTS_Window,1:22053863-22057268,2515-2764
WRKY_1:22342955-22343204,AT1G60650,TTS_Window,1:22339809-22342337,2618-2867
WRKY_1:22342955-22343204,AT1G60660,TSS_Window,1:22342290-22343269,1066-1315
WRKY_1:22342955-22343204,AT1G60670,TSS_Window,1:22343585-22347624,371-620
WRKY_1:22688401-22688650,AT1G61500,TTS_Window,1:22689623-22693799,2973-3000
WRKY_1:22998014-22998263,AT1G62250,TSS_Window,1:22994538-22997709,447-696
WRKY_1:22998014-22998263,AT1G62260,TTS_Window,1:22997755-22999829,1501-1741
WRKY_1:23001936-23002185,AT1G62262,TSS_Window,1:23000157-23002096,912-1161
WRKY_1:23198995-23199244,AT1G62660,TSS_Window,1:23199612-23203808,384-633
WRKY_1:23271439-23271688,AT1G62840,TSS_Window,1:23271416-23272578,1024-1273
WRKY_1:23271439-23271688,AT1G62850,TTS_Window,1:23271703-23274340,2015-2264
WRKY_1:23304393-23304642,AT1G62915,TSS_Window,1:23303241-23304287,646-895
WRKY_1:23304393-23304642,AT1G62920,TSS_Window,1:23304313-23306374,1081-1330
WRKY_1:23511550-23511799,AT1G63410,TSS_Window,1:23510075-23512088,1290-1500
WRKY_1:23687153-23687402,AT1G63830,TTS_Window,1:23685093-23687374,1779-2028
WRKY_1:23806720-23806969,AT1G64140,TSS_Window,1:23803793-23807159,1191-1440
WRKY_1:23892156-23892405,AT1G64380,TSS_Window,1:23890570-23892193,789-1038
WRKY_1:24108540-24108789,AT1G64880,TTS_Window,1:24105611-24109243,1501-1546
WRKY_1:24108540-24108789,AT1G64890,TSS_Window,1:24109538-24111489,3-252
WRKY_1:24119224-24119473,AT1G64920,TSS_Window,1:24117312-24118993,521-770
WRKY_1:24149623-24149872,AT1G65000,TTS_Window,1:24146925-24148801,2822-3000
WRKY_1:24149623-24149872,AT1G65010,TSS_Window,1:24149208-24154412,1416-1500
WRKY_1:24230209-24230458,AT1G65230,TTS_Window,1:24229063-24230902,1501-1556
WRKY_1:24230209-24230458,AT1G65240,TTS_Window,1:24230867-24233523,2409-2658
WRKY_1:24665686-24665935,AT1G66210,TTS_Window,1:24665538-24668850,1603-1852
WRKY_1:24683177-24683426,AT1G66235,TTS_Window,1:24682907-24683996,1501-1730
WRKY_1:24685995-24686244,AT1G66240,TTS_Window,1:24686114-24687417,1870-2119
WRKY_1:24755241-24755490,AT1G66370,TTS_Window,1:24753589-24754761,2480-2729
WRKY_1:24781169-24781418,AT1G66430,TTS_Window,1:24778257-24780742,2427-2676
WRKY_1:24781169-24781418,AT1G66440,TSS_Window,1:24782042-24784397,128-377
WRKY_1:24842677-24842926,AT1G66590,TTS_Window,1:24840899-24842609,2068-2317
WRKY_1:25161804-25162053,AT1G67235,TTS_Window,1:25162507-25163104,2454-2703
WRKY_1:25203436-25203685,AT1G67310,TSS_Window,1:25198182-25203126,442-691
WRKY_1:25250108-25250357,AT1G67410,TTS_Window,1:25251166-25253682,2809-3000
WRKY_1:25263098-25263347,AT1G67440,TTS_Window,1:25263757-25265861,2410-2659
WRKY_1:25269173-25269422,AT1G67455,TTS_Window,1:25267925-25269475,1698-1947
WRKY_1:25269173-25269422,AT1G67460,TTS_Window,1:25269428-25271904,2006-2255
WRKY_1:25312599-25312848,AT1G67540,TSS_Window,1:25311242-25312482,635-884
WRKY_1:25312599-25312848,AT1G67550,TSS_Window,1:25312660-25317495,940-1189
WRKY_1:25350580-25350829,AT1G67635,TTS_Window,1:25349342-25350384,2196-2445
WRKY_1:25452904-25453153,AT1G67880,TTS_Window,1:25453823-25455823,2670-2919
WRKY_1:25485093-25485342,AT1G67960,TSS_Window,1:25480652-25484396,55-304
WRKY_1:25538626-25538875,AT1G68140,TTS_Window,1:25538924-25541823,2049-2298
WRKY_1:25634690-25634939,AT1G68370,TSS_Window,1:25631689-25634780,842-1091
WRKY_1:25634690-25634939,AT1G68380,TTS_Window,1:25635838-25637462,2899-3000
WRKY_1:25712424-25712673,AT1G68526,TSS_Window,1:25711869-25712379,707-956
WRKY_1:25712424-25712673,AT1G68530,TTS_Window,1:25712414-25715024,1741-1990
WRKY_1:25752179-25752428,AT1G68580,TSS_Window,1:25752624-25756113,556-805
WRKY_1:25828093-25828342,AT1G68750,TSS_Window,1:25822716-25828147,806-1055
WRKY_1:25830544-25830793,AT1G68760,TTS_Window,1:25828890-25829813,2731-2980
WRKY_1:25828093-25828342,AT1G68760,TSS_Window,1:25828890-25829813,204-453
WRKY_1:25830544-25830793,AT1G68765,TSS_Window,1:25829917-25830781,989-1238
WRKY_1:25830544-25830793,AT1G68780,TTS_Window,1:25831662-25833966,2869-3000
WRKY_1:25890231-25890480,AT1G68870,TTS_Window,1:25889074-25889734,2497-2746
WRKY_1:26012156-26012405,AT1G69190,TTS_Window,1:26013012-26015018,2607-2856
WRKY_1:26219788-26220037,AT1G69700,TSS_Window,1:26220190-26221870,599-848
WRKY_1:26237834-26238083,AT1G69750,TTS_Window,1:26235071-26238542,1501-1541
WRKY_1:26312720-26312969,AT1G69860,TTS_Window,1:26309628-26312174,2546-2795
WRKY_1:26459110-26459359,AT1G70260,TSS_Window,1:26456774-26459570,1212-1461
WRKY_1:26568868-26569117,AT1G70500,TSS_Window,1:26566398-26568871,755-1004
WRKY_1:26631403-26631652,AT1G70620,TTS_Window,1:26626528-26631104,2299-2548
WRKY_1:26631403-26631652,AT1G70630,TSS_Window,1:26631112-26634259,1292-1500
WRKY_1:26640168-26640417,AT1G70660,TSS_Window,1:26640565-26642149,604-853
WRKY_1:26916849-26917098,AT1G71420,TTS_Window,1:26917786-26920099,2688-2937
WRKY_1:27197778-27198027,AT1G72250,TTS_Window,1:27192740-27198379,1501-1648
WRKY_1:27197778-27198027,AT1G72260,TTS_Window,1:27198356-27199468,2329-2578
WRKY_1:27376275-27376524,AT1G72710,TTS_Window,1:27372197-27376730,1545-1794
WRKY_1:27376275-27376524,AT1G72720,TTS_Window,1:27376682-27377473,2158-2407
WRKY_1:27444289-27444538,AT1G72940,TTS_Window,1:27441981-27443859,2430-2679
WRKY_1:27444289-27444538,AT1G72950,TSS_Window,1:27444415-27445997,875-1124
WRKY_1:27452047-27452296,AT1G72960,TTS_Window,1:27446069-27451067,2980-3000
WRKY_1:27452047-27452296,AT1G72970,TSS_Window,1:27452748-27455964,300-549
WRKY_1:27468717-27468966,AT1G73020,TTS_Window,1:27469496-27473660,2530-2779
WRKY_1:27522241-27522490,AT1G73180,TTS_Window,1:27517891-27521710,2531-2780
WRKY_1:27522241-27522490,AT1G73190,TSS_Window,1:27521944-27523332,1298-1500
WRKY_1:27522241-27522490,AT1G73200,TTS_Window,1:27523043-27526818,2553-2802
WRKY_1:27690201-27690450,AT1G73650,TSS_Window,1:27688123-27690307,858-1107
WRKY_1:27690201-27690450,AT1G73655,TTS_Window,1:27690350-27691819,1900-2149
WRKY_1:28031445-28031694,AT1G74640,TSS_Window,1:28032562-28034863,1-133
WRKY_1:28501477-28501726,AT1G75900,TTS_Window,1:28498821-28501254,2223-2472
WRKY_1:28501477-28501726,AT1G75910,TSS_Window,1:28501434-28503283,1044-1293
WRKY_1:28524438-28524687,AT1G75980,TSS_Window,1:28522554-28524418,732-981
WRKY_1:28522773-28523022,AT1G75980,TTS_Window,1:28522554-28524418,1532-1781
WRKY_1:28524438-28524687,AT1G75990,TTS_Window,1:28524404-28526848,1717-1966
WRKY_1:28546156-28546405,AT1G76065,TSS_Window,1:28544338-28545708,304-553
WRKY_1:28546156-28546405,AT1G76070,TSS_Window,1:28546382-28547611,775-1024
WRKY_1:28577180-28577429,AT1G76150,TSS_Window,1:28574740-28577700,1272-1500
WRKY_1:28577180-28577429,AT1G76160,TTS_Window,1:28577842-28581315,2413-2662
WRKY_1:28650856-28651105,AT1G76370,TSS_Window,1:28648327-28650577,473-722
WRKY_1:28650856-28651105,AT1G76380,TTS_Window,1:28651069-28654660,1964-2213
WRKY_1:29064705-29064954,AT1G77330,TSS_Window,1:29062945-29064637,684-933
WRKY_1:29067841-29068090,AT1G77340,TTS_Window,1:29068343-29070037,2253-2502
WRKY_1:29458861-29459110,AT1G78290,TSS_Window,1:29457205-29459493,1384-1500
WRKY_1:29513464-29513713,AT1G78440,TSS_Window,1:29511561-29513100,388-637
WRKY_1:29526121-29526370,AT1G78476,TTS_Window,1:29523982-29526284,1837-2086
WRKY_1:29526121-29526370,AT1G78480,TSS_Window,1:29525501-29526363,994-1243
WRKY_1:29526121-29526370,AT1G78490,TSS_Window,1:29526861-29530669,261-510
WRKY_1:29588153-29588402,AT1G78660,TTS_Window,1:29585677-29588389,1764-2013
WRKY_1:29676843-29677092,AT1G78922,TTS_Window,1:29676755-29677815,1663-1912
WRKY_1:29676843-29677092,AT1G78930,TTS_Window,1:29677904-29680757,2812-3000
WRKY_1:29727302-29727551,AT1G79010,TSS_Window,1:29724796-29727028,478-727
WRKY_1:29727302-29727551,AT1G79020,TTS_Window,1:29727044-29730593,1501-1742
WRKY_1:29734433-29734682,AT1G79030,TSS_Window,1:29730642-29734444,763-1012
WRKY_1:29740202-29740451,AT1G79050,TSS_Window,1:29736959-29740179,729-978
WRKY_1:29845601-29845850,AT1G79340,TTS_Window,1:29842587-29844638,2963-3000
WRKY_1:30017653-30017902,AT1G79780,TTS_Window,1:30015712-30016856,2797-3000
WRKY_1:30017653-30017902,AT1G79790,TSS_Window,1:30016671-30018234,1333-1500
WRKY_1:30017653-30017902,AT1G79800,TSS_Window,1:30018490-30019315,164-413
WRKY_1:30092095-30092344,AT1G79990,TTS_Window,1:30085750-30092239,1856-2105
WRKY_1:30092095-30092344,AT1G80000,TSS_Window,1:30092807-30097323,289-538
WRKY_1:30155178-30155427,AT1G80170,TSS_Window,1:30153213-30155894,1468-1500
WRKY_1:30235933-30236182,AT1G80410,TSS_Window,1:30227485-30235087,1-155
WRKY_1:30269237-30269486,AT1G80500,TSS_Window,1:30270445-30272668,1-42
WRKY_1:30405119-30405368,AT1G80920,TSS_Window,1:30403503-30404713,346-595
WRKY_1:30405119-30405368,AT1G80930,TTS_Window,1:30405339-30409768,1971-2220
